,Date,sentiment_value,yesterday_sentiment,Open,High,Low,Close,Volume,avgprice,yvalue
0,1/2/2015,4.943019481,0,27.8475,27.860001,26.8375,27.3325,212818400,27.3487505,27.3487505
1,1/5/2015,1.01490861,4.943019481,27.0725,27.1625,26.352501,26.5625,257142000,26.7575005,-0.59125
2,1/6/2015,2.509604678,1.01490861,26.635,26.8575,26.157499,26.565001,263188400,26.5074995,-0.250001
3,1/7/2015,3.265148148,2.509604678,26.799999,27.049999,26.674999,26.9375,160423600,26.862499,0.3549995
4,1/8/2015,8.972554113,3.265148148,27.307501,28.0375,27.174999,27.9725,237458000,27.6062495,0.7437505
5,1/9/2015,8.83008658,8.972554113,28.1675,28.3125,27.5525,28.002501,214798000,27.9325,0.3262505
6,1/12/2015,5.079123978,8.83008658,28.15,28.157499,27.200001,27.3125,198603200,27.67875,-0.25375
7,1/13/2015,3.715277778,5.079123978,27.8575,28.200001,27.227501,27.555,268367600,27.713751,0.035001
8,1/14/2015,4.541616162,3.715277778,27.26,27.622499,27.125,27.450001,195826400,27.3737495,-0.3400015
9,1/15/2015,2.418127706,4.541616162,27.5,27.514999,26.665001,26.705,240056000,27.09,-0.2837495
10,1/16/2015,3.235732323,2.418127706,26.7575,26.895,26.299999,26.497499,314053200,26.5974995,-0.4925005
11,1/20/2015,1.5225,3.235732323,26.959999,27.2425,26.625,27.18,199599600,26.93375,0.3362505
12,1/21/2015,5.739285714,1.5225,27.237499,27.764999,27.067499,27.387501,194303600,27.416249,0.482499
13,1/22/2015,2.969987975,5.739285714,27.565001,28.1175,27.43,28.1,215185600,27.77375,0.357501
14,1/23/2015,2.822916667,2.969987975,28.075001,28.4375,27.8825,28.245001,185859200,28.16,0.38625
15,1/26/2015,3.681378066,2.822916667,28.434999,28.59,28.200001,28.275,222460000,28.3950005,0.2350005
16,1/27/2015,3.463823954,3.681378066,28.105,28.120001,27.2575,27.285,382274800,27.6887505,-0.70625
17,1/28/2015,5.3125,3.463823954,29.407499,29.530001,28.827499,28.827499,585908400,29.17875,1.4899995
18,1/29/2015,4.995357143,5.3125,29.08,29.797501,28.889999,29.725,337745600,29.34375,0.165
19,1/30/2015,4.46044252,4.995357143,29.6,30,29.2125,29.290001,334982000,29.60625,0.2625
20,2/2/2015,2.126136364,4.46044252,29.512501,29.7925,29.02,29.657499,250956400,29.40625,-0.2
21,2/3/2015,2.625732323,2.126136364,29.625,29.772499,29.4025,29.6625,207662800,29.5874995,0.1812495
22,2/4/2015,6.894660895,2.625732323,29.625,30.127501,29.577499,29.889999,280598800,29.8525,0.2650005
23,2/5/2015,4.408282828,6.894660895,30.004999,30.057501,29.8125,29.985001,168984800,29.9350005,0.0825005
24,2/6/2015,3.55974026,4.408282828,30.004999,30.0625,29.612499,29.7325,174826400,29.8374995,-0.097501
25,2/9/2015,4.977037037,3.55974026,29.637501,29.959999,29.6075,29.93,155559200,29.7837495,-0.05375
26,2/10/2015,8.476316739,4.977037037,30.0425,30.5375,30.040001,30.504999,248034000,30.2887505,0.505001
27,2/11/2015,7.815032468,8.476316739,30.692499,31.23,30.625,31.219999,294247200,30.9275,0.6387495
28,2/12/2015,6.129790765,7.815032468,31.514999,31.870001,31.3925,31.615,297898000,31.6312505,0.7037505
29,2/13/2015,2.605569986,6.129790765,31.82,31.82,31.4125,31.77,217088800,31.61625,-0.0150005
30,2/17/2015,5.241158009,2.605569986,31.872499,32.220001,31.73,31.9575,252609600,31.9750005,0.3587505
31,2/18/2015,3.720687229,5.241158009,31.907499,32.195,31.862499,32.18,179566800,32.0287495,0.053749
32,2/19/2015,4.039794372,3.720687229,32.119999,32.2575,32.0825,32.112499,149449600,32.17,0.1412505
33,2/20/2015,2.021688312,4.039794372,32.154999,32.375,32.012501,32.375,195793600,32.1937505,0.0237505
34,2/23/2015,6.66336039,2.021688312,32.505001,33.25,32.415001,33.25,283896400,32.8325005,0.63875
35,2/24/2015,5.597653319,6.66336039,33.235001,33.400002,32.7925,33.0425,276912400,33.096251,0.2637505
36,2/25/2015,6.666347403,5.597653319,32.889999,32.900002,32.037498,32.197498,298846800,32.46875,-0.627501
37,2/26/2015,2.450852573,6.666347403,32.197498,32.717499,31.6525,32.605,365150000,32.1849995,-0.2837505
38,2/27/2015,5.599087302,2.450852573,32.5,32.642502,32.060001,32.115002,248059200,32.3512515,0.166252
39,3/2/2015,2.701641414,5.599087302,32.3125,32.57,32.075001,32.272499,192386800,32.3225005,-0.028751
40,3/3/2015,2.540573593,2.701641414,32.240002,32.380001,32.022499,32.34,151265200,32.20125,-0.1212505
41,3/4/2015,3.700341233,2.540573593,32.275002,32.389999,32.080002,32.134998,126665200,32.2350005,0.0337505
42,3/5/2015,4.094291126,3.700341233,32.145,32.1875,31.440001,31.602501,226068400,31.8137505,-0.42125
43,3/6/2015,3.474657287,4.094291126,32.099998,32.342499,31.565001,31.65,291368400,31.95375,0.1399995
44,3/9/2015,4.595413059,3.474657287,31.99,32.392502,31.264999,31.785,354114000,31.8287505,-0.1249995
45,3/10/2015,5.670753968,4.595413059,31.602501,31.805,30.950001,31.127501,275426400,31.3775005,-0.45125
46,3/11/2015,5.97267316,5.670753968,31.1875,31.192499,30.5275,30.559999,275756000,30.8599995,-0.517501
47,3/12/2015,6.422247475,5.97267316,30.577499,31.225,30.407499,31.112499,193450800,30.8162495,-0.04375
48,3/13/2015,7.427243867,6.422247475,31.1,31.35,30.645,30.897499,207309200,30.9975,0.1812505
49,3/16/2015,2.961285714,7.427243867,30.969999,31.237499,30.717501,31.237499,143497200,30.9775,-0.02
50,3/17/2015,3.811126142,2.961285714,31.475,31.83,31.4125,31.76,204092400,31.62125,0.64375
51,3/18/2015,7.108982684,3.811126142,31.75,32.290001,31.592501,32.1175,261083600,31.941251,0.320001
52,3/19/2015,4.716792929,7.108982684,32.1875,32.3125,31.85,31.875,183238000,32.08125,0.139999
53,3/20/2015,4.491011003,4.716792929,32.0625,32.099998,31.290001,31.475,274780400,31.6949995,-0.3862505
54,3/23/2015,3.051962482,4.491011003,31.780001,31.9625,31.629999,31.8025,150838800,31.7962495,0.10125
55,3/24/2015,4.472388167,3.051962482,31.807501,32.009998,31.639999,31.672501,131369200,31.8249985,0.028749
56,3/26/2015,4.477669553,4.472388167,30.690001,31.219999,30.65,31.059999,190291600,30.9349995,-0.889999
57,3/27/2015,1.492121212,4.477669553,31.1425,31.174999,30.727501,30.8125,158184800,30.95125,0.0162505
58,3/30/2015,4.985782828,1.492121212,31.012501,31.6,31,31.592501,188398800,31.3,0.34875
59,3/31/2015,4.078981481,4.985782828,31.522499,31.622499,31.09,31.1075,168362400,31.3562495,0.0562495
60,4/1/2015,4.609007937,4.078981481,31.205,31.280001,30.775,31.0625,162485600,31.0275005,-0.328749
61,4/2/2015,6.493174603,4.609007937,31.2575,31.389999,31.047501,31.33,128880400,31.21875,0.1912495
62,4/6/2015,4.918276644,6.493174603,31.1175,31.877501,31.0825,31.8375,148776000,31.4800005,0.2612505
63,4/7/2015,3.238419913,4.918276644,31.91,32.029999,31.495001,31.502501,140049200,31.7625,0.2824995
64,4/8/2015,6.912665945,3.238419913,31.4625,31.6,31.2425,31.4,149316800,31.42125,-0.34125
65,4/9/2015,6.34512987,6.912665945,31.4625,31.645,31.165001,31.639999,129936000,31.4050005,-0.0162495
66,4/10/2015,5.326458033,6.34512987,31.487499,31.8025,31.315001,31.775,160752000,31.5587505,0.15375
67,4/13/2015,2.441415945,5.326458033,32.092499,32.142502,31.6525,31.7125,145460400,31.897501,0.3387505
68,4/14/2015,4.462689394,2.441415945,31.75,31.8225,31.477501,31.575001,102098400,31.6500005,-0.2475005
69,4/15/2015,4.470253968,4.462689394,31.602501,31.782499,31.502501,31.695,115881600,31.6425,-0.0075005
70,4/16/2015,5.659729437,4.470253968,31.57,31.775,31.5275,31.5425,113476000,31.65125,0.00875
71,4/17/2015,2.891268939,5.659729437,31.387501,31.535,31.115,31.1875,207828000,31.325,-0.32625
72,4/20/2015,3.758452381,2.891268939,31.3925,32.029999,31.2925,31.9,188217200,31.6612495,0.3362495
73,4/21/2015,4.300757576,3.758452381,32.025002,32.049999,31.6675,31.727501,129740400,31.8587495,0.1975
74,4/22/2015,2.710494228,4.300757576,31.747499,32.217499,31.58,32.154999,150618000,31.8987495,0.04
75,4/23/2015,5.821176046,2.710494228,32.075001,32.605,32.035,32.4175,183083600,32.32,0.4212505
76,4/24/2015,6.98046176,5.821176046,32.622501,32.657501,32.307499,32.57,178103600,32.4825,0.1625
77,4/27/2015,3.403920154,6.98046176,33.077499,33.282501,32.787498,33.162498,387816800,33.0349995,0.5524995
78,4/28/2015,3.428421717,3.403920154,33.615002,33.634998,32.392502,32.639999,475696000,33.01375,-0.0212495
79,4/29/2015,6.064878788,3.428421717,32.540001,32.897499,32.075001,32.16,253544400,32.48625,-0.5275
80,4/30/2015,4.491077441,6.064878788,32.16,32.16,31.145,31.2875,332781600,31.6525,-0.83375
81,5/1/2015,5.528470118,4.491077441,31.525,32.532501,31.325001,32.237499,234050400,31.928751,0.276251
82,5/4/2015,3.812608225,5.528470118,32.375,32.642502,32.064999,32.174999,203953200,32.3537505,0.4249995
83,5/5/2015,3.910046898,3.812608225,32.037498,32.112499,31.445,31.450001,197085600,31.7787495,-0.575001
84,5/6/2015,6.468971861,3.910046898,31.639999,31.6875,30.84,31.252501,288564000,31.26375,-0.5149995
85,5/7/2015,4.679821429,6.468971861,31.192499,31.52,31.004999,31.315001,175763600,31.2624995,-0.0012505
86,5/8/2015,5.787395382,4.679821429,31.67,31.905001,31.5275,31.905001,222201600,31.7162505,0.453751
87,5/11/2015,2.206645022,5.787395382,31.8475,31.889999,31.407499,31.58,168143200,31.648749,-0.0675015
88,5/12/2015,0.90239899,2.206645022,31.4,31.719999,31.205,31.467501,192640000,31.4624995,-0.1862495
89,5/13/2015,0.229734849,0.90239899,31.5375,31.797501,31.467501,31.502501,138776800,31.632501,0.1700015
90,5/14/2015,5.486909812,0.229734849,31.852501,32.237499,31.790001,32.237499,180814000,32.01375,0.381249
91,5/15/2015,6.257224026,5.486909812,32.267502,32.372501,32.052502,32.192501,152832000,32.2125015,0.1987515
92,5/18/2015,5.603005051,6.257224026,32.095001,32.68,32.09,32.547501,203531600,32.385,0.1724985
93,5/19/2015,5.757564935,5.603005051,32.672501,32.720001,32.41,32.517502,178532800,32.5650005,0.1800005
94,5/20/2015,8.676957071,5.757564935,32.5,32.744999,32.334999,32.514999,145819600,32.539999,-0.0250015
95,5/21/2015,4.931262626,8.676957071,32.517502,32.907501,32.4575,32.8475,158921600,32.6825005,0.1425015
96,5/22/2015,7.78782197,4.931262626,32.900002,33.2425,32.849998,33.134998,182384000,33.046249,0.3637485
97,5/26/2015,3.130645743,7.78782197,33.150002,33.227501,32.279999,32.404999,282790400,32.75375,-0.292499
98,5/27/2015,2.814848485,3.130645743,32.584999,33.064999,32.512501,33.009998,183332800,32.78875,0.035
99,5/28/2015,7.145562771,2.814848485,32.965,32.987499,32.775002,32.945,122933200,32.8812505,0.0925005
100,5/29/2015,4.685732323,7.145562771,32.807499,32.862499,32.474998,32.57,203538000,32.6687485,-0.212502
101,6/1/2015,4.996969697,4.685732323,32.57,32.8475,32.512501,32.634998,128451200,32.6800005,0.011252
102,6/2/2015,7.791939033,4.996969697,32.465,32.665001,32.330002,32.490002,134670400,32.4975015,-0.182499
103,6/3/2015,2.869155844,7.791939033,32.665001,32.735001,32.474998,32.529999,123934000,32.6049995,0.107498
104,6/4/2015,7.093170996,2.869155844,32.395,32.645,32.227501,32.34,153800400,32.4362505,-0.168749
105,6/5/2015,4.939123377,7.093170996,32.375,32.422501,32.09,32.162498,142507200,32.2562505,-0.18
106,6/8/2015,3.519545455,4.939123377,32.224998,32.302502,31.7075,31.950001,210699200,32.005001,-0.2512495
107,6/9/2015,7.552191188,3.519545455,31.674999,32.02,31.405001,31.855,224301600,31.7125005,-0.2925005
108,6/10/2015,7.361212121,7.552191188,31.98,32.334999,31.9625,32.220001,156349200,32.1487495,0.436249
109,6/11/2015,6.010064935,7.361212121,32.294998,32.544998,32.119999,32.147499,141563600,32.3324985,0.183749
110,6/12/2015,5.322348485,6.010064935,32.047501,32.0825,31.7775,31.7925,147544800,31.93,-0.4024985
111,6/15/2015,4.470959596,5.322348485,31.525,31.809999,31.4275,31.73,175955600,31.6187495,-0.3112505
112,6/16/2015,6.156060606,4.470959596,31.7575,31.9625,31.592501,31.9,125976400,31.7775005,0.158751
113,6/17/2015,5.350586219,6.156060606,31.93,31.969999,31.684999,31.825001,131672400,31.827499,0.0499985
114,6/18/2015,3.322853535,5.350586219,31.807501,32.077499,31.805,31.969999,141628800,31.9412495,0.1137505
115,6/19/2015,8.124131494,3.322853535,31.9275,31.955,31.6,31.65,218867600,31.7775,-0.1637495
116,6/22/2015,7.607121212,8.124131494,31.872499,32.014999,31.77,31.9025,136157200,31.8924995,0.1149995
117,6/23/2015,4.366179654,7.607121212,31.870001,31.9025,31.719999,31.7575,121075600,31.8112495,-0.08125
118,6/24/2015,3.601705147,4.366179654,31.8025,32.450001,31.780001,32.0275,221123600,32.115001,0.3037515
119,6/25/2015,4.115084416,3.601705147,32.215,32.299999,31.875,31.875,127752400,32.0874995,-0.0275015
120,6/26/2015,1.137417027,4.115084416,31.9175,31.997499,31.627501,31.6875,176267200,31.8125,-0.2749995
121,6/29/2015,4.716035354,1.137417027,31.365,31.6175,31.120001,31.1325,196645600,31.3687505,-0.4437495
122,6/30/2015,6.874747475,4.716035354,31.3925,31.530001,31.215,31.3575,177482800,31.3725005,0.00375
123,7/1/2015,2.614339827,6.874747475,31.725,31.735001,31.497499,31.65,120955200,31.61625,0.2437495
124,7/2/2015,5.888401876,2.614339827,31.6075,31.672501,31.442499,31.610001,108844000,31.5575,-0.05875
125,7/6/2015,4.937049062,5.888401876,31.235001,31.557501,31.2125,31.5,112241600,31.3850005,-0.1724995
126,7/8/2015,1.506445406,4.937049062,31.120001,31.16,30.635,30.6425,243046400,30.8975,-0.4875005
127,7/9/2015,1.594022367,1.506445406,30.9625,31.014999,29.805,30.0175,314380000,30.4099995,-0.4875005
128,7/10/2015,4.385723304,1.594022367,30.485001,30.9625,30.3025,30.82,245418000,30.6325,0.2225005
129,7/13/2015,6.616077441,4.385723304,31.2575,31.440001,31.08,31.415001,165762000,31.2600005,0.6275005
130,7/14/2015,5.430844156,6.616077441,31.51,31.592501,31.26,31.4025,127072400,31.4262505,0.16625
131,7/15/2015,5.72761544,5.430844156,31.43,31.7875,31.395,31.705,134596800,31.59125,0.1649995
132,7/16/2015,5.051551227,5.72761544,31.934999,32.142502,31.8375,32.127499,144889600,31.990001,0.398751
133,7/17/2015,8.313149351,5.051551227,32.27,32.404999,32.077499,32.404999,184658800,32.241249,0.251248
134,7/20/2015,8.039974747,8.313149351,32.7425,33.2425,32.674999,33.017502,235600800,32.9587495,0.7175005
135,7/21/2015,4.754213264,8.039974747,33.212502,33.23,32.580002,32.6875,307025600,32.905001,-0.0537485
136,7/22/2015,3.718148148,4.754213264,30.497499,31.375,30.497499,31.305,461802400,30.9362495,-1.9687515
137,7/23/2015,4.668185426,3.718148148,31.549999,31.772499,31.264999,31.290001,203998000,31.518749,0.5824995
138,7/24/2015,6.932474747,4.668185426,31.33,31.434999,30.975,31.125,168649200,31.2049995,-0.3137495
139,7/27/2015,5.781204906,6.932474747,30.772499,30.9025,30.530001,30.692499,177822000,30.7162505,-0.488749
140,7/28/2015,2.120505051,5.781204906,30.844999,30.977501,30.637501,30.844999,134472400,30.807501,0.0912505
141,7/29/2015,5.079116162,2.120505051,30.7875,30.875,30.567499,30.747499,148046800,30.7212495,-0.0862515
142,7/30/2015,5.127656926,5.079116162,30.58,30.6425,30.4275,30.592501,134513200,30.535,-0.1862495
143,7/31/2015,2.029236111,5.127656926,30.65,30.66,30.227501,30.325001,171540000,30.4437505,-0.0912495
144,8/3/2015,1.18208153,2.029236111,30.375,30.6425,29.379999,29.610001,279904000,30.0112495,-0.432501
145,8/4/2015,3.526208514,1.18208153,29.355,29.424999,28.3125,28.66,496554400,28.8687495,-1.1425
146,8/5/2015,2.804834055,3.526208514,28.237499,29.360001,28.025,28.85,397250400,28.6925005,-0.176249
147,8/6/2015,3.441300746,2.804834055,28.9925,29.125,28.530001,28.782499,211612000,28.8275005,0.135
148,8/7/2015,3.563549784,3.441300746,28.645,29.0625,28.625,28.879999,154681600,28.84375,0.0162495
149,8/10/2015,5.443658009,3.563549784,29.1325,29.997499,29.1325,29.93,219806400,29.5649995,0.7212495
150,8/11/2015,1.676624579,5.443658009,29.452499,29.545,28.3325,28.372499,388331200,28.93875,-0.6262495
151,8/12/2015,3.874446248,1.676624579,28.1325,28.855,27.407499,28.809999,404870000,28.1312495,-0.8075005
152,8/13/2015,4.508181818,3.874446248,29.01,29.1,28.635,28.7875,194143200,28.8675,0.7362505
153,8/14/2015,4.987849928,4.508181818,28.58,29.077499,28.502501,28.99,171718000,28.79,-0.0775
154,8/17/2015,7.493981481,4.987849928,29.01,29.4125,28.875,29.290001,163538800,29.14375,0.35375
155,8/18/2015,3.9125,7.493981481,29.1075,29.360001,29.002501,29.125,138242800,29.181251,0.037501
156,8/19/2015,2.225416667,3.9125,29.025,29.129999,28.67,28.752501,193146000,28.8999995,-0.2812515
157,8/20/2015,-0.752162698,2.225416667,28.52,28.5875,27.907499,28.1625,274006400,28.2474995,-0.6525
158,8/21/2015,1.786851852,-0.752162698,27.6075,27.975,26.4125,26.440001,513102000,27.19375,-1.0537495
159,8/24/2015,4.953871776,1.786851852,23.717501,27.200001,23,25.780001,648825200,25.1000005,-2.0937495
160,8/25/2015,5.687554113,4.953871776,27.7775,27.7775,25.875,25.934999,414406400,26.82625,1.7262495
161,8/26/2015,5.860565476,5.687554113,26.772499,27.4725,26.262501,27.422501,387098400,26.8675005,0.0412505
162,8/27/2015,4.88781265,5.860565476,28.057501,28.309999,27.504999,28.23,338464400,27.907499,1.0399985
163,8/28/2015,0.900551347,4.88781265,28.0425,28.327499,27.885,28.3225,212657600,28.1062495,0.1987505
164,8/31/2015,4.504527417,0.900551347,28.0075,28.6325,28,28.190001,224917200,28.31625,0.2100005
165,9/1/2015,6.053055556,4.504527417,27.5375,27.969999,26.84,26.93,307383600,27.4049995,-0.9112505
166,9/2/2015,6.49580748,6.053055556,27.557501,28.084999,27.282499,28.084999,247555200,27.683749,0.2787495
167,9/3/2015,5.180925926,6.49580748,28.122499,28.195,27.51,27.592501,212935600,27.8525,0.168751
168,9/4/2015,2.787893218,5.180925926,27.2425,27.612499,27.127501,27.317499,199985200,27.37,-0.4825
169,9/8/2015,4.927656025,2.787893218,27.9375,28.139999,27.58,28.077499,219374400,27.8599995,0.4899995
170,9/9/2015,5.164006133,4.927656025,28.440001,28.504999,27.442499,27.5375,340043200,27.973749,0.1137495
171,9/10/2015,3.775735029,5.164006133,27.567499,28.32,27.475,28.1425,251571200,27.8975,-0.076249
172,9/11/2015,1.947041847,3.775735029,27.9475,28.5525,27.940001,28.5525,199662000,28.2462505,0.3487505
173,9/14/2015,6.501677489,1.947041847,29.145,29.2225,28.715,28.827499,233453600,28.96875,0.7224995
174,9/15/2015,3.886010101,6.501677489,28.9825,29.1325,28.605,29.07,173364800,28.86875,-0.1
175,9/16/2015,2.005728716,3.886010101,29.0625,29.135,28.860001,29.102501,148694000,28.9975005,0.1287505
176,9/17/2015,4.117920875,2.005728716,28.915001,29.122499,28.43,28.48,256450400,28.7762495,-0.221251
177,9/18/2015,4.246404762,4.117920875,28.0525,28.575001,27.967501,28.362499,297141200,28.271251,-0.5049985
178,9/21/2015,6.204915224,4.246404762,28.4175,28.842501,28.415001,28.8025,200888000,28.628751,0.3575
179,9/22/2015,4.761839827,6.204915224,28.344999,28.545,28.129999,28.35,201384800,28.3374995,-0.2912515
180,9/23/2015,5.864448052,4.761839827,28.407499,28.68,28.325001,28.58,143026800,28.5025005,0.165001
181,9/24/2015,3.910595238,5.864448052,28.3125,28.875,28.092501,28.75,200878000,28.4837505,-0.01875
182,9/25/2015,6.275761183,3.910595238,29.110001,29.172501,28.504999,28.6775,224607600,28.83875,0.3549995
183,9/28/2015,4.751792929,6.275761183,28.4625,28.6425,28.110001,28.110001,208436000,28.3762505,-0.4624995
184,9/29/2015,2.796424964,4.751792929,28.2075,28.377501,26.965,27.264999,293461600,27.6712505,-0.705
185,9/30/2015,5.110064935,2.796424964,27.5425,27.885,27.182501,27.575001,265892000,27.5337505,-0.1375
186,10/1/2015,3.720803271,5.110064935,27.2675,27.405001,26.827499,27.395,255716400,27.11625,-0.4175005
187,10/2/2015,1.887348485,3.720803271,27.002501,27.752501,26.887501,27.594999,232079200,27.320001,0.203751
188,10/5/2015,5.344050024,1.887348485,27.469999,27.842501,27.2675,27.695,208258800,27.5550005,0.2349995
189,10/6/2015,5.146807359,5.344050024,27.657499,27.934999,27.442499,27.827499,192787200,27.688749,0.1337485
190,10/7/2015,5.495952381,5.146807359,27.934999,27.942499,27.352501,27.695,187062400,27.6475,-0.041249
191,10/8/2015,3.114869529,5.495952381,27.547501,27.547501,27.0525,27.375,247918400,27.3000005,-0.3474995
192,10/9/2015,2.053690476,3.114869529,27.5,28.07,27.372499,28.030001,211064400,27.7212495,0.421249
193,10/12/2015,0.543189033,2.053690476,28.182501,28.1875,27.860001,27.9,121868800,28.0237505,0.302501
194,10/13/2015,4.31072601,0.543189033,27.705,28.112499,27.67,27.9475,132197200,27.8912495,-0.132501
195,10/14/2015,2.532539683,4.31072601,27.8225,27.879999,27.389999,27.5525,177849600,27.634999,-0.2562505
196,10/15/2015,5.656782107,2.532539683,27.7325,28.025,27.622499,27.965,150694000,27.8237495,0.1887505
197,10/16/2015,2.899058442,5.656782107,27.945,28,27.6325,27.76,156930400,27.81625,-0.0074995
198,10/19/2015,1.886562049,2.899058442,27.700001,27.9375,27.5275,27.932501,119036800,27.7325,-0.08375
199,10/20/2015,2.924632035,1.886562049,27.834999,28.5425,27.705,28.442499,195871200,28.12375,0.39125
200,10/21/2015,5.14527417,2.924632035,28.5,28.895,28.424999,28.440001,167180800,28.6599995,0.5362495
201,10/22/2015,6.954767316,5.14527417,28.5825,28.875,28.525,28.875,166616400,28.7,0.0400005
202,10/23/2015,4.942758538,6.954767316,29.174999,29.807501,29.0825,29.77,237467600,29.4450005,0.7450005
203,10/26/2015,5.629806397,4.942758538,29.52,29.532499,28.73,28.82,265335200,29.1312495,-0.313751
204,10/27/2015,6.765530303,5.629806397,28.85,29.135,28.497499,28.637501,279537600,28.8162495,-0.315
205,10/28/2015,7.492647908,6.765530303,29.2325,29.825001,29.014999,29.817499,342205600,29.42,0.6037505
206,10/29/2015,5.370295815,7.492647908,29.674999,30.172501,29.567499,30.1325,204909200,29.87,0.45
207,10/30/2015,7.073710317,5.370295815,30.247499,30.305,29.862499,29.875,197461200,30.0837495,0.2137495
208,11/2/2015,3.285238095,7.073710317,30.200001,30.34,29.9025,30.295,128813200,30.12125,0.0375005
209,11/3/2015,3.643054654,3.285238095,30.1975,30.872499,30.174999,30.6425,182076000,30.523749,0.402499
210,11/4/2015,7.655727513,3.643054654,30.782499,30.955,30.405001,30.5,179544400,30.6800005,0.1562515
211,11/5/2015,4.248560606,7.655727513,30.4625,30.672501,30.045,30.23,158210800,30.3587505,-0.32125
212,11/6/2015,6.542209596,4.248560606,30.2775,30.452499,30.155001,30.264999,132169200,30.30375,-0.0550005
213,11/9/2015,5.85080267,6.542209596,30.24,30.452499,30.012501,30.1425,135485600,30.2325,-0.07125
214,11/10/2015,3.609650673,5.85080267,29.225,29.5175,29.014999,29.192499,236511600,29.2662495,-0.9662505
215,11/11/2015,4.088452381,3.609650673,29.092501,29.355,28.8025,29.0275,180872000,29.07875,-0.1874995
216,11/12/2015,5.696600529,4.088452381,29.065001,29.205,28.9125,28.93,130102400,29.05875,-0.02
217,11/13/2015,3.451670274,5.696600529,28.799999,28.8925,28.067499,28.084999,183249600,28.4799995,-0.5787505
218,11/16/2015,4.415479798,3.451670274,27.844999,28.559999,27.75,28.545,152426800,28.1549995,-0.325
219,11/17/2015,3.14896645,4.415479798,28.73,28.762501,28.33,28.422501,110467600,28.5462505,0.391251
220,11/18/2015,5.03248557,3.14896645,28.940001,29.372499,28.875,29.3225,186698800,29.1237495,0.577499
221,11/19/2015,4.141264069,5.03248557,29.41,29.9375,29.190001,29.695,173183200,29.5637505,0.440001
222,11/20/2015,7.635714286,4.141264069,29.799999,29.98,29.7125,29.825001,137148400,29.84625,0.2824995
223,11/23/2015,1.239829245,7.635714286,29.817499,29.932501,29.334999,29.4375,129930000,29.63375,-0.2125
224,11/24/2015,5.038371212,1.239829245,29.3325,29.8375,29.280001,29.719999,171212800,29.5587505,-0.0749995
225,11/25/2015,7.619381674,5.038371212,29.8025,29.807501,29.48,29.5075,85553200,29.6437505,0.085
226,11/27/2015,4.13270202,7.619381674,29.5725,29.602501,29.4,29.452499,52185600,29.5012505,-0.1425
227,11/30/2015,6.199321789,4.13270202,29.497499,29.852501,29.4375,29.575001,156721200,29.6450005,0.14375
228,12/1/2015,3.62136544,6.199321789,29.6875,29.702499,29.215,29.334999,139409600,29.4587495,-0.186251
229,12/2/2015,4.69,3.62136544,29.334999,29.5275,29.02,29.07,133546400,29.27375,-0.1849995
230,12/3/2015,5.308030303,4.69,29.137501,29.1975,28.555,28.799999,166278000,28.87625,-0.3975
231,12/4/2015,7.976176046,5.308030303,28.8225,29.8125,28.7775,29.7575,231108000,29.295,0.41875
232,12/7/2015,5.504959115,7.976176046,29.745001,29.965,29.452499,29.57,128336800,29.7087495,0.4137495
233,12/8/2015,6.408279221,5.504959115,29.379999,29.65,29.215,29.557501,137238000,29.4325,-0.2762495
234,12/9/2015,3.021194084,6.408279221,29.41,29.422501,28.77,28.905001,185445600,29.0962505,-0.3362495
235,12/10/2015,8.044399351,3.021194084,29.01,29.235001,28.877501,29.0425,116850800,29.056251,-0.0399995
236,12/11/2015,5.740089586,8.044399351,28.797501,28.8475,28.2125,28.295,187544800,28.53,-0.526251
237,12/14/2015,2.883721741,5.740089586,28.045,28.17,27.4475,28.120001,257274800,27.80875,-0.72125
238,12/15/2015,1.974528018,2.883721741,27.985001,28.200001,27.5875,27.622499,213292400,27.8937505,0.0850005
239,12/17/2015,4.601782107,1.974528018,28.004999,28.0625,27.245001,27.245001,179091200,27.6537505,-0.24
240,12/18/2015,3.498126503,4.601782107,27.227501,27.379999,26.452499,26.5075,385813200,26.916249,-0.7375015
241,12/21/2015,5.651456229,3.498126503,26.82,26.842501,26.3925,26.8325,190362400,26.6175005,-0.2987485
242,12/22/2015,5.174340729,5.651456229,26.85,26.93,26.612499,26.807501,131157600,26.7712495,0.153749
243,12/23/2015,5.298136724,5.174340729,26.817499,27.2125,26.799999,27.1525,130629600,27.0062495,0.235
244,12/24/2015,5.472429654,5.298136724,27.25,27.25,26.987499,27.0075,54281600,27.1187495,0.1125
245,12/28/2015,7.297507215,5.472429654,26.897499,26.922501,26.545,26.705,106816800,26.7337505,-0.384999
246,12/29/2015,4.098981481,7.297507215,26.74,27.3575,26.715,27.184999,123724800,27.03625,0.3024995
247,12/30/2015,3.564285714,4.098981481,27.145,27.174999,26.795,26.83,100855200,26.9849995,-0.0512505
248,12/31/2015,7.978600289,3.564285714,26.752501,26.7575,26.205,26.315001,163649200,26.48125,-0.5037495
249,1/4/2016,4.687319625,7.978600289,25.6525,26.342501,25.5,26.3375,270597600,25.9212505,-0.5599995
250,1/5/2016,5.12474026,4.687319625,26.4375,26.4625,25.602501,25.6775,223164000,26.0325005,0.11125
251,1/6/2016,2.25542328,5.12474026,25.139999,25.592501,24.967501,25.174999,273829600,25.280001,-0.7524995
252,1/7/2016,4.017864959,2.25542328,24.67,25.032499,24.1075,24.112499,324377600,24.5699995,-0.7100015
253,1/8/2016,1.874188312,4.017864959,24.637501,24.7775,24.190001,24.24,283192000,24.4837505,-0.086249
254,1/11/2016,0.460555556,1.874188312,24.7425,24.764999,24.334999,24.6325,198957600,24.549999,0.0662485
255,1/12/2016,4.012765152,0.460555556,25.137501,25.172501,24.709999,24.99,196616800,24.94125,0.391251
256,1/13/2016,3.21739418,4.012765152,25.08,25.297501,24.325001,24.3475,249758400,24.811251,-0.129999
257,1/14/2016,5.776393098,3.21739418,24.49,25.120001,23.934999,24.879999,252680400,24.5275,-0.283751
258,1/15/2016,1.826865681,5.776393098,24.049999,24.4275,23.84,24.282499,319335600,24.13375,-0.39375
259,1/19/2016,7.937698413,1.826865681,24.602501,24.6625,23.875,24.165001,212350800,24.26875,0.135
260,1/20/2016,3.587344877,7.937698413,23.775,24.547501,23.355,24.1975,289337600,23.9512505,-0.3174995
261,1/21/2016,4.140863997,3.587344877,24.264999,24.469999,23.735001,24.075001,208646000,24.1025,0.1512495
262,1/22/2016,3.564765512,4.140863997,24.657499,25.365,24.592501,25.355,263202000,24.9787505,0.8762505
263,1/25/2016,4.119886364,3.564765512,25.379999,25.3825,24.8025,24.860001,207178000,25.0925,0.1137495
264,1/26/2016,4.26694234,4.119886364,24.9825,25.219999,24.5175,24.997499,300308000,24.8687495,-0.2237505
265,1/27/2016,4.530714887,4.26694234,24.01,24.157499,23.334999,23.355,533478800,23.746249,-1.1225005
266,1/28/2016,5.103478235,4.530714887,23.4475,23.629999,23.0975,23.522499,222715200,23.3637495,-0.3824995
267,1/29/2016,6.297034632,5.103478235,23.6975,24.334999,23.5875,24.334999,257666000,23.9612495,0.5975
268,2/1/2016,2.392542088,6.297034632,24.1175,24.1775,23.85,24.1075,163774000,24.01375,0.0525005
269,2/2/2016,8.404880952,2.392542088,23.855,24.01,23.57,23.620001,149428800,23.79,-0.22375
270,2/3/2016,8.526767677,8.404880952,23.75,24.209999,23.52,24.0875,183857200,23.8649995,0.0749995
271,2/4/2016,6.580940356,8.526767677,23.965,24.3325,23.797501,24.15,185886800,24.0650005,0.200001
272,2/5/2016,5.879551106,6.580940356,24.129999,24.23,23.422501,23.504999,185672400,23.8262505,-0.23875
273,2/8/2016,4.795931938,5.879551106,23.282499,23.924999,23.26,23.752501,216085600,23.5924995,-0.233751
274,2/9/2016,4.200155724,4.795931938,23.5725,23.985001,23.4825,23.747499,177324800,23.7337505,0.141251
275,2/10/2016,7.350941558,4.200155724,23.98,24.0875,23.525,23.567499,169374400,23.80625,0.0724995
276,2/11/2016,4.554027778,7.350941558,23.4475,23.68,23.147499,23.424999,200298800,23.4137495,-0.3925005
277,2/12/2016,3.630454545,4.554027778,23.547501,23.625,23.252501,23.497499,161405600,23.4387505,0.025001
278,2/16/2016,5.153043531,3.630454545,23.754999,24.2125,23.6525,24.16,196231600,23.9325,0.4937495
279,2/17/2016,0.317914863,5.153043531,24.1675,24.5525,24.0375,24.530001,179452800,24.295,0.3625
280,2/18/2016,5.150546537,0.317914863,24.709999,24.7225,24.022499,24.065001,156084000,24.3724995,0.0774995
281,2/19/2016,7.463095238,5.150546537,24,24.190001,23.950001,24.01,141496800,24.070001,-0.3024985
282,2/22/2016,2.636486291,7.463095238,24.077499,24.225,23.98,24.219999,137123200,24.1025,0.032499
283,2/23/2016,5.871899952,2.636486291,24.1,24.125,23.637501,23.672501,127770400,23.8812505,-0.2212495
284,2/24/2016,5.921806157,5.871899952,23.495001,24.094999,23.33,24.025,145022800,23.7124995,-0.168751
285,2/25/2016,3.953441558,5.921806157,24.012501,24.190001,23.8125,24.190001,110330800,24.0012505,0.288751
286,2/26/2016,2.62531265,3.953441558,24.299999,24.504999,24.145,24.227501,115964400,24.3249995,0.323749
287,2/29/2016,5.094613276,2.62531265,24.215,24.557501,24.1625,24.172501,140865200,24.3600005,0.035001
288,3/1/2016,8.019850289,5.094613276,24.4125,25.192499,24.355,25.1325,201628400,24.7737495,0.413749
289,3/2/2016,4.486634199,8.019850289,25.127501,25.2225,24.91,25.1875,132678400,25.06625,0.2925005
290,3/3/2016,4.957215007,4.486634199,25.145,25.4275,25.112499,25.375,147822800,25.2699995,0.2037495
291,3/4/2016,5.419428211,4.957215007,25.592501,25.9375,25.342501,25.752501,184220400,25.6400005,0.370001
292,3/7/2016,5.88978355,5.419428211,25.5975,25.7075,25.24,25.467501,143315600,25.47375,-0.1662505
293,3/8/2016,5.811119714,5.88978355,25.195,25.440001,25.1,25.2575,126247600,25.2700005,-0.2037495
294,3/9/2016,6.300505051,5.811119714,25.327499,25.395,25.067499,25.280001,108806800,25.2312495,-0.038751
295,3/10/2016,7.4098557,6.300505051,25.352501,25.559999,25.0375,25.2925,134054400,25.2987495,0.0675
296,3/11/2016,1.924279702,7.4098557,25.559999,25.57,25.375,25.565001,109632800,25.4725,0.1737505
297,3/14/2016,4.457786436,1.924279702,25.477501,25.727501,25.445,25.629999,100304400,25.5862505,0.1137505
298,3/15/2016,4.150829125,4.457786436,25.99,26.295,25.9625,26.145,160270800,26.12875,0.5424995
299,3/16/2016,6.310329485,4.150829125,26.1525,26.577499,26.147499,26.4925,153214000,26.362499,0.233749
300,3/17/2016,9.083098846,6.310329485,26.379999,26.6175,26.24,26.450001,137682800,26.42875,0.066251
301,3/18/2016,4.74025974,9.083098846,26.584999,26.625,26.297501,26.48,176820800,26.4612505,0.0325005
302,3/21/2016,6.027885101,4.74025974,26.4825,26.9125,26.285,26.477501,142010800,26.59875,0.1374995
303,3/22/2016,2.940665584,6.027885101,26.3125,26.8225,26.3025,26.68,129777600,26.5625,-0.03625
304,3/23/2016,4.34252331,2.940665584,26.620001,26.7675,26.475,26.532499,102814000,26.62125,0.05875
305,3/24/2016,8.752353896,4.34252331,26.3675,26.5625,26.2225,26.4175,104532000,26.3925,-0.22875
306,3/28/2016,4.172705628,8.752353896,26.5,26.547501,26.264999,26.297501,77645600,26.40625,0.01375
307,3/29/2016,6.918057961,4.172705628,26.2225,26.9475,26.219999,26.92,124760400,26.5837495,0.1774995
308,3/30/2016,8.634515392,6.918057961,27.1625,27.605,27.15,27.389999,182404400,27.3775,0.7937505
309,3/31/2016,8.222258297,8.634515392,27.43,27.475,27.219999,27.247499,103553600,27.3474995,-0.0300005
310,4/1/2016,6.802054473,8.222258297,27.195,27.5,27.049999,27.497499,103496000,27.2749995,-0.0725
311,4/4/2016,5.799680736,6.802054473,27.605,28.047501,27.567499,27.780001,149424800,27.8075,0.5325005
312,4/5/2016,5.675081169,5.799680736,27.377501,27.682501,27.355,27.452499,106314800,27.5187505,-0.2887495
313,4/6/2016,2.360227273,5.675081169,27.557501,27.745001,27.299999,27.74,105616400,27.5225,0.0037495
314,4/7/2016,1.940800866,2.360227273,27.487499,27.605,27.030001,27.135,127207600,27.3175005,-0.2049995
315,4/8/2016,9.197137446,1.940800866,27.227501,27.442499,27.0425,27.165001,94326800,27.2424995,-0.075001
316,4/11/2016,7.620258538,9.197137446,27.2425,27.6525,27.2075,27.254999,117630000,27.43,0.1875005
317,4/12/2016,2.648792088,7.620258538,27.334999,27.625,27.165001,27.610001,108929200,27.3950005,-0.0349995
318,4/13/2016,6.824500962,2.648792088,27.700001,28.084999,27.700001,28.01,133029200,27.8925,0.4974995
319,4/14/2016,5.795339707,6.824500962,27.905001,28.0975,27.8325,28.025,101895600,27.965,0.0725
320,4/15/2016,0.130322872,5.795339707,28.0275,28.075001,27.432501,27.4625,187756000,27.753751,-0.211249
321,4/18/2016,2.885542929,0.130322872,27.2225,27.237499,26.735001,26.870001,243286000,26.98625,-0.767501
322,4/19/2016,6.754762807,2.885542929,26.969999,27,26.557501,26.727501,129539600,26.7787505,-0.2074995
323,4/20/2016,3.530530303,6.754762807,26.66,27.022499,26.514999,26.782499,122444000,26.768749,-0.0100015
324,4/21/2016,1.986035354,3.530530303,26.7325,26.7325,26.379999,26.4925,126210000,26.5562495,-0.2124995
325,4/22/2016,2.062184945,1.986035354,26.252501,26.620001,26.155001,26.42,134732400,26.387501,-0.1687485
326,4/25/2016,3.381944444,2.062184945,26.25,26.4125,26.127501,26.27,112126400,26.2700005,-0.1175005
327,4/26/2016,3.605767196,3.381944444,25.977501,26.325001,25.977501,26.0875,224064800,26.151251,-0.1187495
328,4/27/2016,2.307737193,3.605767196,24,24.6775,23.92,24.455,458408400,24.29875,-1.852501
329,4/28/2016,4.856998557,2.307737193,24.4025,24.469999,23.5625,23.7075,328970800,24.0162495,-0.2825005
330,4/29/2016,1.659637446,4.856998557,23.497499,23.68,23.127501,23.434999,274126000,23.4037505,-0.612499
331,5/2/2016,4.475856782,1.659637446,23.4925,23.52,23.1,23.41,192640400,23.31,-0.0937505
332,5/3/2016,3.891780303,4.475856782,23.549999,23.934999,23.42,23.795,227325200,23.6774995,0.3674995
333,5/4/2016,2.95502886,3.891780303,23.799999,23.975,23.455,23.547501,164102000,23.715,0.0375005
334,5/5/2016,4.655537518,2.95502886,23.5,23.5175,23.17,23.309999,143562000,23.34375,-0.37125
335,5/6/2016,2.937990019,4.655537518,23.342501,23.362499,22.9625,23.18,174799600,23.1624995,-0.1812505
336,5/9/2016,8.385930736,2.937990019,23.25,23.442499,23.147499,23.1975,131745600,23.294999,0.1324995
337,5/10/2016,4.65650493,8.385930736,23.3325,23.3925,23.0275,23.355,134747200,23.21,-0.084999
338,5/11/2016,5.732727273,4.65650493,23.370001,23.3925,23.115,23.127501,114876400,23.25375,0.04375
339,5/12/2016,2.507196368,5.732727273,23.18,23.195,22.3675,22.584999,305258800,22.78125,-0.4725
340,5/13/2016,3.704207251,2.507196368,22.5,22.9175,22.5,22.629999,177571200,22.70875,-0.0725
341,5/16/2016,3.895162338,3.704207251,23.0975,23.5975,22.9125,23.469999,245039200,23.255,0.54625
342,5/17/2016,2.84156265,3.895162338,23.637501,23.674999,23.252501,23.372499,187667600,23.46375,0.20875
343,5/18/2016,2.071964286,2.84156265,23.540001,23.8025,23.4725,23.639999,168249600,23.6375,0.17375
344,5/19/2016,5.971645022,2.071964286,23.66,23.66,23.3925,23.549999,121768400,23.52625,-0.11125
345,5/20/2016,6.003102453,5.971645022,23.66,23.8575,23.629999,23.805,128104000,23.7437495,0.2174995
346,5/23/2016,6.697809043,6.003102453,23.967501,24.297501,23.9175,24.1075,152074400,24.1075005,0.363751
347,5/24/2016,6.907138348,6.697809043,24.305,24.522499,24.209999,24.475,140560800,24.366249,0.2587485
348,5/25/2016,10.99834055,6.907138348,24.6675,24.934999,24.5275,24.905001,152675200,24.7312495,0.3650005
349,5/26/2016,1.430357143,10.99834055,24.92,25.182501,24.66,25.102501,225324800,24.9212505,0.190001
350,5/27/2016,4.819915825,1.430357143,24.860001,25.1175,24.8125,25.0875,145364800,24.965,0.0437495
351,5/31/2016,1.994934343,4.819915825,24.9,25.1,24.705,24.965,169228800,24.9025,-0.0625
352,6/1/2016,6.650521886,1.994934343,24.754999,24.885,24.5825,24.615,116693200,24.73375,-0.16875
353,6/2/2016,5.244848485,6.650521886,24.4,24.459999,24.157499,24.43,160766400,24.308749,-0.425001
354,6/3/2016,2.779401154,5.244848485,24.4475,24.567499,24.362499,24.48,114019600,24.464999,0.15625
355,6/6/2016,3.448975469,2.779401154,24.497499,25.4725,24.387501,24.657499,93170000,24.9300005,0.4650015
356,6/7/2016,7.038761424,3.448975469,24.8125,24.967501,24.74,24.7575,89638000,24.8537505,-0.07625
357,6/8/2016,4.189325397,7.038761424,24.754999,24.889999,24.67,24.735001,83392400,24.7799995,-0.073751
358,6/9/2016,5.844811207,4.189325397,24.625,24.997499,24.615,24.9125,106405600,24.8062495,0.02625
359,6/10/2016,5.658748196,5.844811207,24.6325,24.8375,24.620001,24.7075,126851600,24.7287505,-0.077499
360,6/13/2016,5.432424242,5.658748196,24.672501,24.780001,24.275,24.334999,152082000,24.5275005,-0.20125
361,6/14/2016,1.788335738,5.432424242,24.33,24.620001,24.1875,24.365,127727600,24.4037505,-0.12375
362,6/15/2016,7.983513709,1.788335738,24.455,24.602501,24.2575,24.285,117780800,24.4300005,0.02625
363,6/16/2016,4.568535354,7.983513709,24.112499,24.4375,24.0175,24.387501,125307200,24.2275,-0.2025005
364,6/17/2016,4.172862554,4.568535354,24.155001,24.1625,23.825001,23.8325,244032800,23.9937505,-0.2337495
365,6/20/2016,4.230104618,4.172862554,24,24.1425,23.7575,23.775,137647600,23.95,-0.0437505
366,6/21/2016,4.622429654,4.230104618,23.735001,24.0875,23.67,23.977501,142185600,23.87875,-0.07125
367,6/22/2016,2.714941077,4.622429654,24.0625,24.2225,23.8375,23.887501,116876400,24.03,0.15125
368,6/23/2016,7.358454185,2.714941077,23.985001,24.0725,23.8125,24.025,128960800,23.9425,-0.0875
369,6/24/2016,4.731540103,7.358454185,23.227501,23.665001,23.1625,23.35,301245600,23.4137505,-0.5287495
370,6/27/2016,3.873605249,4.731540103,23.25,23.262501,22.875,23.01,181958400,23.0687505,-0.345
371,6/28/2016,3.978282828,3.873605249,23.225,23.415001,23.035,23.397499,161779600,23.2250005,0.15625
372,6/29/2016,7.125433502,3.978282828,23.4925,23.637501,23.407499,23.6,146124000,23.5225,0.2974995
373,6/30/2016,1.69453824,7.125433502,23.610001,23.942499,23.575001,23.9,143345600,23.75875,0.23625
374,7/1/2016,4.698184223,1.69453824,23.872499,24.1175,23.8325,23.9725,104106000,23.975,0.21625
375,7/5/2016,1.413311688,4.698184223,23.8475,23.85,23.615,23.747499,110820800,23.7325,-0.2425
376,7/6/2016,4.919772727,1.413311688,23.65,23.915001,23.592501,23.8825,123796400,23.753751,0.021251
377,7/7/2016,7.319466089,4.919772727,23.924999,24.125,23.905001,23.985001,100558400,24.0150005,0.2612495
378,7/8/2016,7.678225108,7.319466089,24.122499,24.2225,24.012501,24.17,115648400,24.1175005,0.1025
379,7/11/2016,2.750887446,7.678225108,24.1875,24.4125,24.182501,24.245001,95179600,24.2975005,0.18
380,7/12/2016,4.548863636,2.750887446,24.2925,24.424999,24.280001,24.355,96670000,24.3525,0.0549995
381,7/13/2016,1.547393579,4.548863636,24.352501,24.4175,24.209999,24.217501,103568800,24.3137495,-0.0387505
382,7/14/2016,3.266125541,1.547393579,24.3475,24.747499,24.33,24.6975,155676000,24.5387495,0.225
383,7/15/2016,4.051136364,3.266125541,24.73,24.825001,24.625,24.695,120548000,24.7250005,0.186251
384,7/18/2016,3.595584416,4.051136364,24.674999,25.032499,24.65,24.9575,145975600,24.8412495,0.116249
385,7/19/2016,4.130818903,3.595584416,24.889999,25,24.834999,24.967501,95119600,24.9174995,0.07625
386,7/20/2016,4.526782107,4.130818903,25,25.115,24.934999,24.99,105104000,25.0249995,0.1075
387,7/21/2016,2.479603175,4.526782107,24.9575,25.25,24.782499,24.8575,130808000,25.0162495,-0.00875
388,7/22/2016,4.22622114,2.479603175,24.815001,24.825001,24.577499,24.665001,113254800,24.70125,-0.3149995
389,7/25/2016,4.317460317,4.22622114,24.5625,24.709999,24.23,24.334999,161531600,24.4699995,-0.2312505
390,7/26/2016,2.385431698,4.317460317,24.205,24.4925,24.105,24.1675,224959200,24.29875,-0.1712495
391,7/27/2016,4.489436027,2.385431698,26.067499,26.0875,25.6875,25.737499,369379200,25.8875,1.58875
392,7/28/2016,4.541973304,4.489436027,25.7075,26.112499,25.705,26.084999,159479200,25.9087495,0.0212495
393,7/29/2016,12.48636364,4.541973304,26.047501,26.137501,25.92,26.0525,110934800,26.0287505,0.120001
394,8/1/2016,9.731132395,12.48636364,26.102501,26.5375,26.102501,26.512501,152671600,26.3200005,0.29125
395,8/2/2016,4.215439815,9.731132395,26.512501,26.5175,26,26.120001,135266400,26.25875,-0.0612505
396,8/3/2016,2.729876142,4.215439815,26.202499,26.459999,26.192499,26.4475,120810400,26.326249,0.067499
397,8/4/2016,4.483641414,2.729876142,26.395,26.5,26.32,26.467501,109634800,26.41,0.083751
398,8/5/2016,6.854040404,4.483641414,26.567499,26.9125,26.545,26.870001,162213600,26.72875,0.31875
399,8/8/2016,8.212563131,6.854040404,26.879999,27.092501,26.790001,27.092501,112148800,26.941251,0.212501
400,8/9/2016,4.681035354,8.212563131,27.057501,27.235001,27.002501,27.202499,105260800,27.118751,0.1775
401,8/10/2016,3.778719937,4.681035354,27.1775,27.225,26.940001,27,96034000,27.0825005,-0.0362505
402,8/11/2016,6.253116883,3.778719937,27.129999,27.2325,26.9625,26.9825,109938000,27.0975,0.0149995
403,8/12/2016,2.638744589,6.253116883,26.945,27.110001,26.945,27.045,74641600,27.0275005,-0.0699995
404,8/15/2016,5.660995671,2.638744589,27.035,27.385,27.02,27.370001,103472800,27.2025,0.1749995
405,8/16/2016,4.193308081,5.660995671,27.407499,27.557501,27.3025,27.344999,135177600,27.4300005,0.2275005
406,8/17/2016,5.464808802,4.193308081,27.275,27.342501,27.084999,27.305,101424000,27.21375,-0.2162505
407,8/18/2016,8.211038961,5.464808802,27.307501,27.4,27.254999,27.27,87938800,27.3274995,0.1137495
408,8/19/2016,5.395918711,8.211038961,27.192499,27.422501,27.09,27.34,101472400,27.2562505,-0.071249
409,8/22/2016,4.438305375,5.395918711,27.215,27.275,26.9625,27.127501,103280800,27.11875,-0.1375005
410,8/23/2016,2.949661797,4.438305375,27.147499,27.33,27.1325,27.2125,85030800,27.23125,0.1125
411,8/24/2016,6.028336941,2.949661797,27.1425,27.1875,26.92,27.0075,94700400,27.05375,-0.1775
412,8/25/2016,3.036695527,6.028336941,26.8475,26.969999,26.67,26.8925,100344800,26.8199995,-0.2337505
413,8/26/2016,3.611093074,3.036695527,26.852501,26.987499,26.577499,26.735001,111065200,26.782499,-0.0375005
414,8/29/2016,4.20898569,3.611093074,26.655001,26.860001,26.5725,26.705,99881200,26.7162505,-0.0662485
415,8/30/2016,0.730983947,4.20898569,26.450001,26.625,26.375,26.5,99455600,26.5,-0.2162505
416,8/31/2016,6.211060606,0.730983947,26.415001,26.6425,26.41,26.525,118649600,26.52625,0.02625
417,9/1/2016,1.876001684,6.211060606,26.535,26.700001,26.405001,26.682501,106806000,26.552501,0.026251
418,9/2/2016,5.09745671,1.876001684,26.924999,27,26.705,26.932501,107210000,26.8525,0.299999
419,9/6/2016,0.551075036,5.09745671,26.975,27.075001,26.877501,26.924999,107521600,26.976251,0.123751
420,9/7/2016,5.116194084,0.551075036,26.9575,27.190001,26.7675,27.09,169457200,26.9787505,0.0024995
421,9/8/2016,1.128781866,5.116194084,26.8125,26.817499,26.309999,26.379999,212008000,26.563749,-0.4150015
422,9/9/2016,2.847409812,1.128781866,26.16,26.43,25.782499,25.782499,186228000,26.1062495,-0.4574995
423,9/12/2016,5.428434343,2.847409812,25.6625,26.43,25.6325,26.360001,181171200,26.03125,-0.0749995
424,9/13/2016,4.603297258,5.428434343,26.877501,27.1975,26.809999,26.987499,248704800,27.0037495,0.9724995
425,9/14/2016,8.583214286,4.603297258,27.182501,28.2575,27.15,27.942499,443554800,27.70375,0.7000005
426,9/15/2016,5.763284632,8.583214286,28.465,28.932501,28.372499,28.8925,359934400,28.6525,0.94875
427,9/16/2016,3.943849206,5.763284632,28.780001,29.032499,28.51,28.73,319547600,28.7712495,0.1187495
428,9/19/2016,4.831313131,3.943849206,28.797501,29.045,28.3125,28.395,188092000,28.67875,-0.0924995
429,9/20/2016,4.660741342,4.831313131,28.262501,28.530001,28.127501,28.3925,138057200,28.328751,-0.349999
430,9/21/2016,6.693181818,4.660741342,28.4625,28.497499,28.110001,28.387501,144012800,28.30375,-0.025001
431,9/22/2016,4.453769841,6.693181818,28.5875,28.735001,28.5,28.655001,124296000,28.6175005,0.3137505
432,9/23/2016,0.082215007,4.453769841,28.605,28.6975,27.887501,28.1775,209924800,28.2925005,-0.325
433,9/26/2016,1.886899351,0.082215007,27.91,28.3475,27.887501,28.219999,119477600,28.1175005,-0.175
434,9/27/2016,4.301098485,1.886899351,28.25,28.295,28.084999,28.272499,98429600,28.1899995,0.072499
435,9/28/2016,3.692926287,4.301098485,28.422501,28.66,28.3575,28.487499,118564400,28.50875,0.3187505
436,9/29/2016,4.38,3.692926287,28.290001,28.450001,27.950001,28.045,143548000,28.200001,-0.308749
437,9/30/2016,4.971843434,4.38,28.115,28.342501,27.950001,28.262501,145516400,28.146251,-0.05375
438,10/3/2016,6.529126082,4.971843434,28.1775,28.262501,28.07,28.129999,86807200,28.1662505,0.0199995
439,10/4/2016,2.881571068,6.529126082,28.264999,28.577499,28.157499,28.25,118947200,28.367499,0.2012485
440,10/5/2016,6.122396585,2.881571068,28.35,28.415001,28.172501,28.262501,85812400,28.293751,-0.073748
441,10/6/2016,2.041441198,6.122396585,28.424999,28.584999,28.282499,28.4725,115117200,28.433749,0.139998
442,10/7/2016,3.790945166,2.041441198,28.577499,28.639999,28.377501,28.514999,97433600,28.50875,0.075001
443,10/10/2016,4.843333333,3.790945166,28.754999,29.1875,28.68,29.012501,144944000,28.93375,0.425
444,10/11/2016,4.800736171,4.843333333,29.424999,29.672501,29.049999,29.075001,256164000,29.36125,0.4275
445,10/12/2016,7.503203463,4.800736171,29.3375,29.495001,29.1875,29.334999,150347200,29.3412505,-0.0199995
446,10/13/2016,5.091483285,7.503203463,29.1975,29.360001,28.93,29.245001,140769600,29.1450005,-0.19625
447,10/14/2016,5.361868687,5.091483285,29.469999,29.5425,29.282499,29.407499,142608800,29.4124995,0.267499
448,10/17/2016,3.901704545,5.361868687,29.3325,29.459999,29.195,29.387501,94499600,29.3274995,-0.085
449,10/18/2016,5.525645743,3.901704545,29.545,29.5525,29.362499,29.3675,98214000,29.4574995,0.13
450,10/19/2016,2.932073593,5.525645743,29.3125,29.440001,28.450001,29.280001,80138400,28.945001,-0.5124985
451,10/20/2016,1.243294553,2.932073593,29.215,29.344999,29.0825,29.264999,96503200,29.2137495,0.2687485
452,10/21/2016,3.494671717,1.243294553,29.202499,29.227501,29.07,29.15,92770800,29.1487505,-0.064999
453,10/24/2016,7.083103355,3.494671717,29.275,29.434999,29.25,29.4125,94154800,29.3424995,0.193749
454,10/25/2016,2.751800144,7.083103355,29.487499,29.59,29.327499,29.5625,192516000,29.4587495,0.11625
455,10/26/2016,6.556244589,2.751800144,28.577499,28.924999,28.327499,28.897499,264536800,28.626249,-0.8325005
456,10/27/2016,5.271019721,6.556244589,28.8475,28.965,28.525,28.620001,138248000,28.745,0.118751
457,10/28/2016,5.476199495,5.271019721,28.467501,28.8025,28.362499,28.43,151446800,28.5824995,-0.1625005
458,10/31/2016,7.20519721,5.476199495,28.4125,28.557501,28.299999,28.385,105677600,28.42875,-0.1537495
459,11/1/2016,3.920707071,7.20519721,28.365,28.442499,27.6325,27.872499,175303200,28.0374995,-0.3912505
460,11/2/2016,7.008921356,3.920707071,27.85,28.0875,27.807501,27.897499,113326800,27.9475005,-0.089999
461,11/3/2016,5.741450216,7.008921356,27.745001,27.865,27.387501,27.4575,107730400,27.6262505,-0.32125
462,11/4/2016,6.590031265,5.741450216,27.1325,27.5625,27.0275,27.209999,123348000,27.295,-0.3312505
463,11/7/2016,8.281843434,6.590031265,27.52,27.627501,27.365,27.602501,130240000,27.4962505,0.2012505
464,11/8/2016,2.2148557,8.281843434,27.577499,27.93,27.424999,27.764999,97016800,27.6774995,0.181249
465,11/9/2016,1.963161376,2.2148557,27.469999,27.83,27.012501,27.719999,236705600,27.4212505,-0.256249
466,11/10/2016,5.072664743,1.963161376,27.772499,27.772499,26.4575,26.9475,228538000,27.1149995,-0.306251
467,11/11/2016,6.888284632,5.072664743,26.780001,27.217501,26.637501,27.1075,136575600,26.927501,-0.1874985
468,11/14/2016,1.942082672,6.888284632,26.9275,26.952499,26.02,26.4275,204702000,26.4862495,-0.4412515
469,11/15/2016,4.112878788,1.942082672,26.6425,26.92,26.540001,26.7775,129058000,26.7300005,0.243751
470,11/16/2016,4.904891775,4.112878788,26.674999,27.557501,26.65,27.497499,235362000,27.1037505,0.37375
471,11/17/2016,4.684924242,4.904891775,27.452499,27.5875,27.2075,27.487499,110528000,27.3975,0.2937495
472,11/18/2016,4.005808081,4.684924242,27.43,27.635,27.415001,27.514999,113715600,27.5250005,0.1275005
473,11/21/2016,5.699350649,4.005808081,27.530001,27.997499,27.502501,27.932501,117058400,27.75,0.2249995
474,11/22/2016,4.87709596,5.699350649,27.987499,28.105,27.85,27.950001,103862000,27.9775,0.2275
475,11/23/2016,5.031240981,4.87709596,27.84,27.877501,27.5825,27.807501,109705600,27.7300005,-0.2474995
476,11/25/2016,10.35039683,5.031240981,27.782499,27.967501,27.737499,27.9475,45903600,27.8525,0.1224995
477,11/28/2016,2.911832612,10.35039683,27.8575,28.1175,27.8475,27.8925,108776000,27.9825,0.13
478,11/29/2016,0.804463384,2.911832612,27.695,28.0075,27.5175,27.865,114115200,27.7625,-0.22
479,11/30/2016,5.014702381,0.804463384,27.9,28.049999,27.567499,27.629999,144649200,27.808749,0.046249
480,12/1/2016,5.430299423,5.014702381,27.592501,27.735001,27.2575,27.372499,148347600,27.4962505,-0.3124985
481,12/2/2016,2.883459596,5.430299423,27.2925,27.522499,27.2125,27.475,106112000,27.3674995,-0.128751
482,12/5/2016,5.741406926,2.883459596,27.5,27.5075,27.0625,27.2775,137298000,27.285,-0.0824995
483,12/6/2016,5.231973304,5.741406926,27.375,27.59,27.297501,27.487499,104782000,27.4437505,0.1587505
484,12/7/2016,5.793976856,5.231973304,27.315001,27.797501,27.290001,27.7575,119994800,27.543751,0.1000005
485,12/8/2016,5.964105339,5.793976856,27.715,28.1075,27.65,28.030001,108273200,27.87875,0.334999
486,12/9/2016,8.105833333,5.964105339,28.077499,28.674999,28.077499,28.487499,137610400,28.376249,0.497499
487,12/12/2016,3.804269481,8.105833333,28.3225,28.75,28.122499,28.325001,105497600,28.4362495,0.0600005
488,12/13/2016,8.097821068,3.804269481,28.459999,28.98,28.4375,28.797501,174935200,28.70875,0.2725005
489,12/14/2016,8.503010462,8.097821068,28.76,29.049999,28.745001,28.797501,136127200,28.8975,0.18875
490,12/15/2016,7.554220779,8.503010462,28.844999,29.182501,28.807501,28.955,186098000,28.995001,0.097501
491,12/16/2016,4.896565657,7.554220779,29.1175,29.125,28.9125,28.9925,177404400,29.01875,0.023749
492,12/19/2016,6.24958153,4.896565657,28.950001,29.344999,28.9375,29.16,111117600,29.1412495,0.1224995
493,12/20/2016,5.648253968,6.24958153,29.184999,29.375,29.17,29.237499,85700000,29.2725,0.1312505
494,12/21/2016,6.010378788,5.648253968,29.200001,29.35,29.195,29.264999,95132800,29.2725,0
495,12/22/2016,9.181794733,6.010378788,29.0875,29.127501,28.91,29.0725,104343600,29.0187505,-0.2537495
496,12/23/2016,4.510155123,9.181794733,28.897499,29.129999,28.897499,29.129999,56998000,29.013749,-0.0050015
497,12/27/2016,5.551301407,4.510155123,29.129999,29.450001,29.122499,29.315001,73187600,29.28625,0.272501
498,12/28/2016,3.631634199,5.551301407,29.379999,29.504999,29.049999,29.190001,83623600,29.277499,-0.008751
499,12/29/2016,4.765277778,3.631634199,29.112499,29.2775,29.1,29.182501,60158000,29.18875,-0.088749
500,12/30/2016,6.003421717,4.765277778,29.1625,29.299999,28.8575,28.955,122345200,29.0787495,-0.1100005
501,1/3/2017,8.350981241,6.003421717,28.950001,29.0825,28.690001,29.0375,115127600,28.8862505,-0.192499
502,1/4/2017,6.385220058,8.350981241,28.9625,29.127501,28.9375,29.004999,84472400,29.0325005,0.14625
503,1/5/2017,4.811904762,6.385220058,28.98,29.215,28.952499,29.1525,88774400,29.0837495,0.051249
504,1/6/2017,4.370523088,4.811904762,29.195,29.540001,29.1175,29.477501,127007600,29.3287505,0.245001
505,1/9/2017,9.623268398,4.370523088,29.487499,29.8575,29.485001,29.747499,134247600,29.6712505,0.3425
506,1/10/2017,5.837581169,9.623268398,29.692499,29.844999,29.575001,29.7775,97848400,29.71,0.0387495
507,1/11/2017,6.36600469,5.837581169,29.684999,29.9825,29.65,29.9375,110354400,29.81625,0.10625
508,1/12/2017,4.166224747,6.36600469,29.725,29.825001,29.5525,29.8125,108344800,29.6887505,-0.1274995
509,1/13/2017,3.918926768,4.166224747,29.7775,29.905001,29.702499,29.76,104447600,29.80375,0.1149995
510,1/17/2017,3.011878307,3.918926768,29.584999,30.059999,29.555,30,137759200,29.8074995,0.0037495
511,1/18/2017,11.91700938,3.011878307,30,30.125,29.9275,29.997499,94852000,30.02625,0.2187505
512,1/19/2017,2.597462121,11.91700938,29.85,30.022499,29.842501,29.945,102389200,29.9325,-0.09375
513,1/20/2017,5.593679654,2.597462121,30.112499,30.112499,29.932501,30,130391600,30.0225,0.09
514,1/23/2017,6.561145984,5.593679654,30,30.202499,29.942499,30.02,88200800,30.072499,0.049999
515,1/24/2017,7.04755772,6.561145984,29.887501,30.025,29.875,29.9925,92844000,29.95,-0.122499
516,1/25/2017,5.847409812,7.04755772,30.105,30.525,30.07,30.469999,129510400,30.2975,0.3475
517,1/26/2017,1.765808081,5.847409812,30.4175,30.610001,30.4,30.485001,105350400,30.5050005,0.2075005
518,1/27/2017,2.824511785,1.765808081,30.535,30.5875,30.4,30.487499,82251600,30.49375,-0.0112505
519,1/30/2017,6.259021164,2.824511785,30.2325,30.407499,30.165001,30.407499,121510000,30.28625,-0.2075
520,1/31/2017,6.76515873,6.259021164,30.2875,30.3475,30.155001,30.3375,196804000,30.2512505,-0.0349995
521,2/1/2017,5.492626263,6.76515873,31.7575,32.622501,31.752501,32.1875,447940000,32.187501,1.9362505
522,2/2/2017,3.971010702,5.492626263,31.995001,32.3475,31.945,32.1325,134841600,32.14625,-0.041251
523,2/3/2017,5.639062049,3.971010702,32.077499,32.297501,32.040001,32.27,98029200,32.168751,0.022501
524,2/6/2017,8.213029101,5.639062049,32.282501,32.625,32.224998,32.572498,107383600,32.424999,0.256248
525,2/7/2017,3.801931457,8.213029101,32.634998,33.022499,32.612499,32.8825,152735200,32.817499,0.3925
526,2/8/2017,5.665891053,3.801931457,32.837502,33.055,32.805,33.009998,92016400,32.93,0.112501
527,2/9/2017,5.188055556,5.665891053,32.912498,33.112499,32.779999,33.105,113399600,32.946249,0.016249
528,2/10/2017,3.452781385,5.188055556,33.115002,33.235001,33.012501,33.029999,80262000,33.123751,0.177502
529,2/13/2017,4.867681818,3.452781385,33.27,33.455002,33.1875,33.322498,92141600,33.321251,0.1975
530,2/14/2017,3.014511183,4.867681818,33.3675,33.772499,33.3125,33.755001,132904800,33.5424995,0.2212485
531,2/15/2017,3.909087302,3.014511183,33.880001,34.067501,33.654999,33.877499,142492400,33.86125,0.3187505
532,2/16/2017,6.418569024,3.909087302,33.9175,33.974998,33.709999,33.837502,90338400,33.8424985,-0.0187515
533,2/17/2017,6.213347763,6.418569024,33.775002,33.9575,33.775002,33.93,88792800,33.866251,0.0237525
534,2/21/2017,4.001363636,6.213347763,34.057499,34.1875,33.994999,34.174999,98028800,34.0912495,0.2249985
535,2/22/2017,7.500198413,4.001363636,34.107498,34.279999,34.0275,34.2775,83347600,34.1537495,0.0625
536,2/23/2017,2.519185606,7.500198413,34.345001,34.369999,34.075001,34.1325,83152800,34.2225,0.0687505
537,2/24/2017,5.36969697,2.519185606,33.977501,34.165001,33.82,34.165001,87106400,33.9925005,-0.2299995
538,2/27/2017,7.220649351,5.36969697,34.285,34.360001,34.07,34.232498,81029600,34.2150005,0.2225
539,2/28/2017,2.561628788,7.220649351,34.27,34.360001,34.174999,34.247501,93931600,34.2675,0.0524995
540,3/1/2017,3.773672439,2.561628788,34.4725,35.037498,34.400002,34.947498,145658400,34.71875,0.45125
541,3/2/2017,6.430793651,3.773672439,35,35.07,34.689999,34.740002,104844000,34.8799995,0.1612495
542,3/3/2017,3.661282468,6.430793651,34.695,34.9575,34.647499,34.945,84432400,34.8024995,-0.0775
543,3/6/2017,4.085454545,3.661282468,34.842499,34.942501,34.650002,34.834999,87000000,34.7962515,-0.006248
544,3/7/2017,4.565910895,4.085454545,34.764999,34.994999,34.697498,34.880001,69785200,34.8462485,0.049997
545,3/8/2017,5.890064935,4.565910895,34.737499,34.950001,34.705002,34.75,74828800,34.8275015,-0.018747
546,3/9/2017,5.724848485,5.890064935,34.685001,34.697498,34.262501,34.669998,88623600,34.4799995,-0.347502
547,3/10/2017,4.727424242,5.724848485,34.8125,34.84,34.66,34.785,78451200,34.75,0.2700005
548,3/13/2017,2.171666667,4.727424242,34.712502,34.857498,34.705002,34.799999,69686800,34.78125,0.03125
549,3/14/2017,7.280104618,2.171666667,34.825001,34.912498,34.709999,34.747501,61236400,34.8112485,0.0299985
550,3/15/2017,3.952270924,7.280104618,34.852501,35.1875,34.7575,35.115002,102767200,34.9725,0.1612515
551,3/16/2017,6.558142136,3.952270924,35.18,35.255001,35.064999,35.172501,76928000,35.16,0.1875
552,3/17/2017,1.940175565,6.558142136,35.25,35.25,34.9725,34.997501,175540000,35.11125,-0.04875
553,3/20/2017,5.585021645,1.940175565,35.099998,35.375,35.057499,35.365002,86168000,35.2162495,0.1049995
554,3/21/2017,7.683564454,5.585021645,35.5275,35.700001,34.932499,34.959999,158119600,35.31625,0.1000005
555,3/22/2017,4.686612554,7.683564454,34.962502,35.400002,34.939999,35.355,103440800,35.1700005,-0.1462495
556,3/23/2017,5.767020202,4.686612554,35.314999,35.395,35.1525,35.23,81385200,35.27375,0.1037495
557,3/24/2017,3.157314815,5.767020202,35.375,35.435001,35.087502,35.16,89582400,35.2612515,-0.0124985
558,3/27/2017,2.115227273,3.157314815,34.8475,35.305,34.654999,35.220001,94300400,34.9799995,-0.281252
559,3/28/2017,1.034314574,2.115227273,35.227501,36.009998,35.154999,35.950001,133499200,35.5824985,0.602499
560,3/29/2017,4.839872655,1.034314574,35.919998,36.122501,35.797501,36.029999,116760000,35.960001,0.3775025
561,3/30/2017,2.613427128,4.839872655,36.047501,36.125,35.875,35.982498,84829200,36,0.039999
562,3/31/2017,9.286933622,2.613427128,35.93,36.067501,35.752499,35.915001,78646800,35.91,-0.09
563,4/3/2017,7.560633117,9.286933622,35.927502,36.029999,35.762501,35.924999,79942800,35.89625,-0.01375
564,4/4/2017,5.500420274,7.560633117,35.8125,36.2225,35.7925,36.192501,79565600,36.0075,0.11125
565,4/5/2017,5.683255772,5.500420274,36.055,36.365002,35.952499,36.005001,110871600,36.1587505,0.1512505
566,4/6/2017,5.296356421,5.683255772,36.072498,36.130001,35.862499,35.915001,84596000,35.99625,-0.1625005
567,4/7/2017,5.442155483,5.296356421,35.932499,36.044998,35.817501,35.834999,66688800,35.9312495,-0.0650005
568,4/10/2017,3.092157287,5.442155483,35.900002,35.970001,35.724998,35.7925,75733600,35.8474995,-0.08375
569,4/11/2017,5.461569264,3.092157287,35.735001,35.837502,35.014999,35.407501,121517600,35.4262505,-0.421249
570,4/12/2017,1.697175325,5.461569264,35.400002,35.537498,35.252499,35.450001,81400000,35.3949985,-0.031252
571,4/13/2017,1.598257576,1.697175325,35.477501,35.595001,35.262501,35.262501,71291600,35.428751,0.0337525
572,4/17/2017,5.536363636,1.598257576,35.369999,35.470001,35.217499,35.4575,66328400,35.34375,-0.085001
573,4/18/2017,7.679707792,5.536363636,35.352501,35.509998,35.2775,35.299999,58790000,35.393749,0.049999
574,4/19/2017,2.82761544,7.679707792,35.470001,35.5,35.112499,35.169998,69313600,35.3062495,-0.0874995
575,4/20/2017,5.120887446,2.82761544,35.305,35.73,35.290001,35.610001,93278400,35.5100005,0.203751
576,4/21/2017,5.502561328,5.120887446,35.610001,35.669998,35.462502,35.567501,69283600,35.56625,0.0562495
577,4/24/2017,5.559496753,5.502561328,35.875,35.987499,35.794998,35.91,68537200,35.8912485,0.3249985
578,4/25/2017,5.766152237,5.559496753,35.977501,36.224998,35.967499,36.1325,75486000,36.0962485,0.205
579,4/26/2017,6.492575758,5.766152237,36.1175,36.150002,35.845001,35.919998,80164800,35.9975015,-0.098747
580,4/27/2017,7.822267316,6.492575758,35.98,36.040001,35.827499,35.947498,56985200,35.93375,-0.0637515
581,4/28/2017,3.113521525,7.822267316,36.022499,36.075001,35.817501,35.912498,83441600,35.946251,0.012501
582,5/1/2017,8.380362554,3.113521525,36.275002,36.799999,36.240002,36.645,134411600,36.5200005,0.5737495
583,5/2/2017,1.82048581,8.380362554,36.884998,37.022499,36.709999,36.877499,181408800,36.866249,0.3462485
584,5/3/2017,4.849141414,1.82048581,36.397499,36.872501,36.067501,36.764999,182788000,36.470001,-0.396248
585,5/4/2017,3.588230519,4.849141414,36.630001,36.785,36.452499,36.6325,93487600,36.6187495,0.1487485
586,5/5/2017,7.037693001,3.588230519,36.689999,37.244999,36.689999,37.240002,109310800,36.967499,0.3487495
587,5/8/2017,5.416424964,7.037693001,37.2575,38.424999,37.2575,38.252499,195009600,37.8412495,0.8737505
588,5/9/2017,4.531984127,5.416424964,38.467499,38.720001,38.362499,38.497501,156521600,38.54125,0.7000005
589,5/10/2017,5.60563943,4.531984127,38.407501,38.485001,38.0275,38.314999,103222800,38.2562505,-0.2849995
590,5/11/2017,5.329482323,5.60563943,38.112499,38.517502,38.077499,38.487499,109020400,38.2975005,0.04125
591,5/12/2017,4.209625421,5.329482323,38.674999,39.105,38.6675,39.025002,130108000,38.88625,0.5887495
592,5/15/2017,5.002857143,4.209625421,39.002499,39.162498,38.762501,38.924999,104038800,38.9624995,0.0762495
593,5/16/2017,6.658333333,5.002857143,38.985001,39.014999,38.68,38.8675,80194000,38.8474995,-0.115
594,5/17/2017,5.364069264,6.658333333,38.400002,38.642502,37.427502,37.5625,203070800,38.035002,-0.8124975
595,5/18/2017,8.53987494,5.364069264,37.817501,38.334999,37.782501,38.134998,134272800,38.05875,0.023748
596,5/19/2017,6.689172679,8.53987494,38.345001,38.494999,38.157501,38.264999,107843200,38.32625,0.2675
597,5/22/2017,6.693603896,6.689172679,38.5,38.645,38.227501,38.497501,91865600,38.4362505,0.1100005
598,5/23/2017,7.011261424,6.693603896,38.724998,38.724998,38.327499,38.450001,79675600,38.5262485,0.089998
599,5/24/2017,2.785835137,7.011261424,38.459999,38.5425,38.1675,38.334999,76712000,38.355,-0.1712485
600,5/25/2017,5.02617785,2.785835137,38.432499,38.587502,38.2575,38.467499,76942400,38.422501,0.067501
601,5/26/2017,6.362474747,5.02617785,38.5,38.560001,38.327499,38.4025,87710400,38.44375,0.021249
602,5/30/2017,4.578522727,6.362474747,38.355,38.607498,38.3325,38.4175,80507600,38.469999,0.026249
603,5/31/2017,3.037332251,4.578522727,38.4925,38.5425,38.095001,38.189999,97804800,38.3187505,-0.1512485
604,6/1/2017,3.667696609,3.037332251,38.2925,38.3325,38.055,38.294998,65616400,38.19375,-0.1250005
605,6/2/2017,7.514502165,3.667696609,38.395,38.862499,38.2225,38.862499,111082800,38.5424995,0.3487495
606,6/5/2017,3.219579365,7.514502165,38.584999,38.612499,38.365002,38.482498,101326800,38.4887505,-0.053749
607,6/6/2017,7.428030303,3.219579365,38.474998,38.952499,38.445,38.612499,106499600,38.6987495,0.209999
608,6/7/2017,6.134990704,7.428030303,38.755001,38.994999,38.619999,38.842499,84278400,38.807499,0.1087495
609,6/8/2017,3.88465368,6.134990704,38.8125,38.884998,38.599998,38.747501,85003200,38.742498,-0.065001
610,6/9/2017,0.835018939,3.88465368,38.797501,38.797501,36.505001,37.244999,259530800,37.651251,-1.091247
611,6/12/2017,2.23224507,0.835018939,36.435001,36.522499,35.627499,36.355,289229200,36.074999,-1.576252
612,6/13/2017,5.334193723,2.23224507,36.790001,36.862499,36.287498,36.647499,136661600,36.5749985,0.4999995
613,6/14/2017,5.872216811,5.334193723,36.875,36.875,35.959999,36.290001,126124800,36.4174995,-0.157499
614,6/15/2017,4.763552189,5.872216811,35.830002,36.119999,35.552502,36.072498,128661600,35.8362505,-0.581249
615,6/16/2017,3.165145202,4.763552189,35.945,36.125,35.549999,35.567501,201444400,35.8374995,0.001249
616,6/19/2017,3.974636243,3.165145202,35.915001,36.685001,35.915001,36.584999,130165600,36.300001,0.4625015
617,6/20/2017,5.256742424,3.974636243,36.717499,36.717499,36.235001,36.252499,99600400,36.47625,0.176249
618,6/21/2017,2.915548341,5.256742424,36.380001,36.517502,36.1525,36.467499,85063200,36.335001,-0.141249
619,6/22/2017,5.180494228,2.915548341,36.442501,36.674999,36.279999,36.407501,76425200,36.477499,0.142498
620,6/23/2017,7.914354257,5.180494228,36.282501,36.790001,36.2775,36.57,141757600,36.5337505,0.0562515
621,6/26/2017,5.694832251,7.914354257,36.7925,37.07,36.345001,36.455002,102769600,36.7075005,0.17375
622,6/27/2017,2.242718254,5.694832251,36.252499,36.540001,35.904999,35.932499,99047600,36.2225,-0.4850005
623,6/28/2017,6.393679654,2.242718254,36.122501,36.5275,35.790001,36.4575,88329600,36.1587505,-0.0637495
624,6/29/2017,3.499772727,6.393679654,36.177502,36.282501,35.57,35.919998,125997600,35.9262505,-0.2325
625,6/30/2017,5.993483045,3.499772727,36.112499,36.240002,35.945,36.005001,92096400,36.092501,0.1662505
626,7/3/2017,3.93775974,5.993483045,36.220001,36.325001,35.775002,35.875,57111200,36.0500015,-0.0424995
627,7/5/2017,3.979704185,3.93775974,35.922501,36.197498,35.68,36.022499,86278400,35.938749,-0.1112525
628,7/6/2017,2.535064935,3.979704185,35.755001,35.875,35.602501,35.682499,96515200,35.7387505,-0.1999985
629,7/7/2017,7.210606061,2.535064935,35.724998,36.1875,35.724998,36.044998,76806800,35.956249,0.2174985
630,7/10/2017,4.253987734,7.210606061,36.0275,36.487499,35.842499,36.264999,84362400,36.164999,0.20875
631,7/11/2017,7.786623377,4.253987734,36.182499,36.462502,36.095001,36.3825,79127200,36.2787515,0.1137525
632,7/12/2017,4.500689033,7.786623377,36.467499,36.544998,36.205002,36.435001,99538000,36.375,0.0962485
633,7/13/2017,7.673160173,4.500689033,36.375,37.122501,36.360001,36.942501,100797600,36.741251,0.366251
634,7/14/2017,2.601255411,7.673160173,36.9925,37.3325,36.8325,37.259998,80528400,37.0825,0.341249
635,7/17/2017,5.233376623,2.601255411,37.205002,37.724998,37.142502,37.389999,95174000,37.43375,0.35125
636,7/18/2017,4.807792208,5.233376623,37.299999,37.532501,37.1675,37.52,71475200,37.3500005,-0.0837495
637,7/19/2017,8.775505051,4.807792208,37.619999,37.855,37.487499,37.755001,83692000,37.6712495,0.321249
638,7/20/2017,9.320681818,8.775505051,37.875,37.935001,37.547501,37.584999,68974800,37.741251,0.0700015
639,7/21/2017,5.369656085,9.320681818,37.497501,37.610001,37.220001,37.567501,105010400,37.415001,-0.32625
640,7/24/2017,6.199220779,5.369656085,37.645,38.110001,37.474998,38.022499,85972800,37.7924995,0.3774985
641,7/25/2017,10.39308081,6.199220779,37.950001,38.459999,37.950001,38.185001,75415600,38.205,0.4125005
642,7/26/2017,9.603315296,10.39308081,38.337502,38.482498,38.264999,38.365002,63124000,38.3737485,0.1687485
643,7/27/2017,7.496572872,9.603315296,38.4375,38.497501,36.825001,37.639999,129905200,37.661251,-0.7124975
644,7/28/2017,4.972564935,7.496572872,37.4725,37.557499,37.297501,37.375,68854800,37.4275,-0.233751
645,7/31/2017,3.744994589,4.972564935,37.474998,37.5825,37.032501,37.182499,79383600,37.3075005,-0.1199995
646,8/1/2017,6.341684704,3.744994589,37.275002,37.555,37.102501,37.512501,141474400,37.3287505,0.02125
647,8/2/2017,7.766221741,6.341684704,39.82,39.9375,39.040001,39.285,279747200,39.4887505,2.16
648,8/3/2017,5.071708754,7.766221741,39.262501,39.302502,38.755001,38.892502,108389200,39.0287515,-0.459999
649,8/4/2017,9.233912338,5.071708754,39.017502,39.349998,38.922501,39.0975,82239600,39.1362495,0.107498
650,8/7/2017,6.690119949,9.233912338,39.264999,39.73,39.1675,39.702499,87481200,39.44875,0.3125005
651,8/8/2017,5.867988817,6.690119949,39.650002,40.4575,39.567501,40.02,144823600,40.0125005,0.5637505
652,8/9/2017,7.98998557,5.867988817,39.814999,40.317501,39.7775,40.264999,104526000,40.0475005,0.035
653,8/10/2017,7.459992785,7.98998557,39.974998,40,38.657501,38.830002,163217200,39.3287505,-0.71875
654,8/11/2017,10.5597096,7.459992785,39.150002,39.642502,39.017502,39.369999,105028400,39.330002,0.0012515
655,8/14/2017,6.792954545,10.5597096,39.830002,40.052502,39.6875,39.962502,88490800,39.870001,0.539999
656,8/15/2017,5.337901335,6.792954545,40.165001,40.549999,40.035,40.400002,117862000,40.2924995,0.4224985
657,8/16/2017,7.371212121,5.337901335,40.485001,40.627499,40.037498,40.237499,110686400,40.3324985,0.039999
658,8/17/2017,5.826845238,7.371212121,40.130001,40.177502,39.459999,39.465,111762400,39.8187505,-0.513748
659,8/18/2017,7.011707702,5.826845238,39.465,39.875,39.18,39.375,109712400,39.5275,-0.2912505
660,8/21/2017,7.752215909,7.011707702,39.375,39.4725,38.7775,39.302502,105474000,39.125,-0.4025
661,8/22/2017,7.366744228,7.752215909,39.557499,40,39.505001,39.945,86418400,39.7525005,0.6275005
662,8/23/2017,4.942099567,7.366744228,39.767502,40.1175,39.720001,39.994999,77596400,39.9187505,0.16625
663,8/24/2017,7.305995671,4.942099567,40.107498,40.185001,39.637501,39.817501,79275600,39.911251,-0.0074995
664,8/25/2017,5.907180135,7.305995671,39.912498,40.139999,39.817501,39.965,101920400,39.97875,0.067499
665,8/28/2017,5.016989538,5.907180135,40.035,40.5,39.982498,40.3675,103864000,40.241249,0.262499
666,8/29/2017,7.313861231,5.016989538,40.025002,40.779999,40,40.727501,118067600,40.3899995,0.1487505
667,8/30/2017,6.242884199,7.313861231,40.950001,40.9725,40.6525,40.837502,109078400,40.8125,0.4225005
668,8/31/2017,9.394141414,6.242884199,40.91,41.130001,40.869999,41,107140400,41,0.1875
669,9/1/2017,6.333342953,9.394141414,41.200001,41.235001,40.907501,41.012501,66364400,41.071251,0.071251
670,9/5/2017,3.762751323,6.333342953,40.9375,41.0625,40.139999,40.52,117874000,40.6012495,-0.4700015
671,9/6/2017,6.804464286,3.762751323,40.677502,40.747501,40.130001,40.477501,86606800,40.438751,-0.1624985
672,9/7/2017,4.70094697,6.804464286,40.522499,40.560001,40.09,40.314999,87714000,40.3250005,-0.1137505
673,9/8/2017,0.583333333,4.70094697,40.215,40.287498,39.6325,39.657501,114446000,39.959999,-0.3650015
674,9/11/2017,4.079974747,0.583333333,40.125,40.512501,39.9725,40.375,126323200,40.2425005,0.2825015
675,9/12/2017,4.231429293,4.079974747,40.6525,40.990002,39.692501,40.215,286856000,40.3412515,0.098751
676,9/13/2017,3.512972583,4.231429293,39.967499,39.990002,39.477501,39.912498,179629600,39.7337515,-0.6075
677,9/14/2017,4.843327922,3.512972583,39.747501,39.849998,39.522499,39.57,95042800,39.6862485,-0.047503
678,9/15/2017,3.628858225,4.843327922,39.6175,40.2425,39.5,39.970001,196458400,39.87125,0.1850015
679,9/18/2017,4.051906566,3.628858225,40.0275,40.125,39.5,39.6675,113077600,39.8125,-0.05875
680,9/19/2017,9.619065657,4.051906566,39.877499,39.942501,39.610001,39.682499,83242400,39.776251,-0.036249
681,9/20/2017,2.11746176,9.619065657,39.474998,39.564999,38.4575,39.017502,211805600,39.0112495,-0.7650015
682,9/21/2017,6.023151756,2.11746176,38.950001,38.950001,38.1875,38.3475,150046800,38.5687505,-0.442499
683,9/22/2017,5.21588925,6.023151756,37.884998,38.067501,37.639999,37.9725,186581600,37.85375,-0.7150005
684,9/25/2017,5.091212722,5.21588925,37.497501,37.9575,37.290001,37.637501,177549200,37.6237505,-0.2299995
685,9/26/2017,6.626489899,5.091212722,37.945,38.48,37.922501,38.285,146640000,38.2012505,0.5775
686,9/27/2017,5.988194444,6.626489899,38.450001,38.68,38.384998,38.557499,102016800,38.532499,0.3312485
687,9/28/2017,5.435387446,5.988194444,38.4725,38.57,38.174999,38.32,88022000,38.3724995,-0.1599995
688,9/29/2017,8.141651034,5.435387446,38.302502,38.532501,38,38.529999,105199200,38.2662505,-0.106249
689,10/2/2017,9.632527778,8.141651034,38.564999,38.612499,38.18,38.452499,74795200,38.3962495,0.129999
690,10/3/2017,7.762070707,9.632527778,38.502499,38.772499,38.477501,38.619999,64921200,38.625,0.2287505
691,10/4/2017,6.688944444,7.762070707,38.407501,38.465,38.115002,38.369999,80655200,38.290001,-0.334999
692,10/5/2017,10.02448653,6.688944444,38.544998,38.860001,38.512501,38.8475,85135200,38.686251,0.39625
693,10/6/2017,8.195573593,10.02448653,38.7425,38.872501,38.639999,38.825001,69630400,38.75625,0.069999
694,10/9/2017,5.596522367,8.195573593,38.952499,39.182499,38.872501,38.959999,65051600,39.0275,0.27125
695,10/10/2017,7.238333333,5.596522367,39.014999,39.5,38.775002,38.974998,62468000,39.137501,0.110001
696,10/11/2017,8.958611111,7.238333333,38.9925,39.244999,38.9375,39.137501,67622400,39.0912495,-0.0462515
697,10/12/2017,6.911325758,8.958611111,39.087502,39.342499,38.932499,39,64500400,39.137499,0.0462495
698,10/13/2017,4.625396825,6.911325758,39.182499,39.32,39.102501,39.247501,65576800,39.2112505,0.0737515
699,10/16/2017,2.561951659,4.625396825,39.474998,40,39.412498,39.970001,96486000,39.706249,0.4949985
700,10/17/2017,8.212105429,2.561951659,39.945,40.217499,39.807499,40.1175,75989200,40.012499,0.30625
701,10/18/2017,5.351477273,8.212105429,40.105,40.177502,39.900002,39.939999,65496800,40.038752,0.026253
702,10/19/2017,2.071917088,5.351477273,39.1875,39.27,38.755001,38.994999,170336800,39.0125005,-1.0262515
703,10/20/2017,5.702569986,2.071917088,39.1525,39.4375,38.990002,39.0625,95896400,39.213751,0.2012505
704,10/23/2017,5.804794372,5.702569986,39.2225,39.422501,38.875,39.0425,87937200,39.1487505,-0.0650005
705,10/24/2017,6.509848485,5.804794372,39.072498,39.355,39.049999,39.275002,71028800,39.2024995,0.053749
706,10/25/2017,6.974843675,6.509848485,39.227501,39.387501,38.817501,39.102501,84828400,39.102501,-0.0999985
707,10/26/2017,3.668740079,6.974843675,39.307499,39.4575,39.195,39.352501,68002000,39.32625,0.223749
708,10/27/2017,10.20818182,3.668740079,39.822498,40.900002,39.674999,40.762501,177816800,40.2875005,0.9612505
709,10/30/2017,6.529949495,10.20818182,40.9725,42.017502,40.93,41.68,178803200,41.473751,1.1862505
710,10/31/2017,4.424393939,6.529949495,41.974998,42.412498,41.735001,42.259998,144187200,42.0737495,0.5999985
711,11/1/2017,5.610393218,4.424393939,42.467499,42.485001,41.4025,41.7225,134551200,41.9437505,-0.129999
712,11/2/2017,4.908484848,5.610393218,41.650002,42.125,41.32,42.0275,165573600,41.7225,-0.2212505
713,11/3/2017,6.95530303,4.908484848,43.5,43.564999,42.779999,43.125,237594400,43.172499,1.449999
714,11/6/2017,6.214458153,6.95530303,43.092499,43.747501,42.93,43.5625,140105200,43.3387505,0.1662515
715,11/7/2017,6.492934704,6.214458153,43.477501,43.8125,43.400002,43.702499,97446000,43.606251,0.2675005
716,11/8/2017,5.243964646,6.492934704,43.665001,44.060001,43.5825,44.060001,97638000,43.8212505,0.2149995
717,11/9/2017,4.734876022,5.243964646,43.7775,44.025002,43.285,43.970001,117930400,43.655001,-0.1662495
718,11/10/2017,4.734519,4.734876022,43.7775,43.845001,43.567501,43.6675,100582000,43.706251,0.05125
719,11/13/2017,6.179103535,4.734519,43.375,43.625,43.349998,43.4925,67928400,43.487499,-0.218752
720,11/14/2017,8.323991101,6.179103535,43.259998,43.369999,42.794998,42.834999,99130000,43.0824985,-0.4050005
721,11/15/2017,4.823400673,8.323991101,42.4925,42.580002,42.095001,42.27,116632400,42.3375015,-0.744997
722,11/16/2017,7.79979798,4.823400673,42.794998,42.967499,42.575001,42.775002,94550000,42.77125,0.4337485
723,11/17/2017,3.077784993,7.79979798,42.759998,42.8475,42.41,42.537498,87598000,42.62875,-0.1425
724,11/20/2017,7.74004329,3.077784993,42.572498,42.639999,42.389999,42.494999,65049600,42.514999,-0.113751
725,11/21/2017,9.993930916,7.74004329,42.695,43.424999,42.695,43.285,100525200,43.0599995,0.5450005
726,11/22/2017,10.2945018,9.993930916,43.34,43.75,43.262501,43.740002,102355600,43.5062505,0.446251
727,11/24/2017,6.980562771,10.2945018,43.775002,43.875,43.662498,43.7425,56106800,43.768749,0.2624985
728,11/27/2017,6.681570707,6.980562771,43.762501,43.77,43.334999,43.522499,82867200,43.5524995,-0.2162495
729,11/28/2017,5.984772006,6.681570707,43.575001,43.717499,42.965,43.267502,105715200,43.3412495,-0.21125
730,11/29/2017,3.373750601,5.984772006,43.157501,43.23,41.790001,42.369999,166665600,42.5100005,-0.831249
731,11/30/2017,5.311594156,3.373750601,42.607498,43.035,42.110001,42.962502,166108800,42.5725005,0.0625
732,12/1/2017,8.448506494,5.311594156,42.487499,42.9175,42.125,42.762501,159037200,42.52125,-0.0512505
733,12/4/2017,6.828626684,8.448506494,43.119999,43.154999,42.407501,42.450001,130169600,42.78125,0.26
734,12/5/2017,8.405093356,6.828626684,42.264999,42.880001,42.099998,42.41,109400800,42.4899995,-0.2912505
735,12/6/2017,5.610656566,8.405093356,41.875,42.549999,41.615002,42.252499,114240000,42.0825005,-0.407499
736,12/7/2017,10.22054437,5.610656566,42.2575,42.610001,42.227501,42.330002,102693200,42.418751,0.3362505
737,12/8/2017,7.86544252,10.22054437,42.622501,42.75,42.205002,42.342499,93420800,42.477501,0.05875
738,12/11/2017,7.997667268,7.86544252,42.299999,43.2225,42.197498,43.1675,141095200,42.709999,0.232498
739,12/12/2017,6.557490981,7.997667268,43.037498,43.0975,42.865002,42.924999,77636800,42.981251,0.271252
740,12/13/2017,7.255224775,6.557490981,43.125,43.384998,43,43.067501,95273600,43.192499,0.211248
741,12/14/2017,11.85215368,7.255224775,43.099998,43.282501,42.912498,43.055,81906000,43.0974995,-0.0949995
742,12/15/2017,7.16546176,11.85215368,43.407501,43.5425,43.115002,43.4925,160677200,43.328751,0.2312515
743,12/18/2017,8.404191919,7.16546176,43.720001,44.299999,43.715,44.105,117684400,44.0074995,0.6787485
744,12/19/2017,3.045982014,8.404191919,43.7575,43.8475,43.522499,43.634998,109745600,43.6849995,-0.3225
745,12/20/2017,8.65952381,3.045982014,43.717499,43.855,43.3125,43.587502,93902400,43.58375,-0.1012495
746,12/21/2017,7.810824916,8.65952381,43.5425,44.005001,43.525002,43.752499,83799600,43.7650015,0.1812515
747,12/22/2017,7.005519481,7.810824916,43.669998,43.855,43.625,43.752499,65397600,43.74,-0.0250015
748,12/26/2017,-0.433205267,7.005519481,42.700001,42.8675,42.419998,42.642502,132742000,42.643749,-1.096251
749,12/27/2017,4.49915404,-0.433205267,42.525002,42.695,42.427502,42.650002,85992800,42.561251,-0.082498
750,12/28/2017,6.372729678,4.49915404,42.75,42.962502,42.619999,42.77,65920800,42.7912505,0.2299995
751,12/29/2017,5.646954786,6.372729678,42.630001,42.647499,42.305,42.307499,103999600,42.4762495,-0.315001
752,1/2/2018,7.701641414,5.646954786,42.540001,43.075001,42.314999,43.064999,102223600,42.695,0.2187505
753,1/3/2018,8.610429293,7.701641414,43.1325,43.637501,42.990002,43.057499,118071600,43.3137515,0.6187515
754,1/4/2018,6.766773088,8.610429293,43.134998,43.3675,43.02,43.2575,89738400,43.19375,-0.1200015
755,1/5/2018,6.72375,6.766773088,43.360001,43.842499,43.262501,43.75,94640000,43.5525,0.35875
756,1/8/2018,6.924059043,6.72375,43.587502,43.9025,43.482498,43.587502,82271200,43.692499,0.139999
757,1/9/2018,3.773710317,6.924059043,43.637501,43.764999,43.352501,43.5825,86336000,43.55875,-0.133749
758,1/10/2018,5.805275974,3.773710317,43.290001,43.575001,43.25,43.572498,95839600,43.4125005,-0.1462495
759,1/11/2018,7.343777056,5.805275974,43.647499,43.872501,43.622501,43.82,74670800,43.747501,0.3350005
760,1/12/2018,4.93849988,7.343777056,44.044998,44.34,43.912498,44.272499,101672400,44.126249,0.378748
761,1/16/2018,7.032683983,4.93849988,44.474998,44.8475,44.035,44.047501,118263600,44.44125,0.315001
762,1/17/2018,2.354075277,7.032683983,44.037498,44.8125,43.767502,44.775002,137547200,44.290001,-0.151249
763,1/18/2018,6.09761544,2.354075277,44.842499,45.025002,44.5625,44.814999,124773600,44.793751,0.50375
764,1/19/2018,1.276626984,6.09761544,44.6525,44.895,44.352501,44.615002,129700400,44.6237505,-0.1700005
765,1/22/2018,5.35530784,1.276626984,44.325001,44.445,44.150002,44.25,108434400,44.297501,-0.3262495
766,1/23/2018,6.838894901,5.35530784,44.325001,44.860001,44.205002,44.259998,130756400,44.5325015,0.2350005
767,1/24/2018,2.624040404,6.838894901,44.3125,44.325001,43.299999,43.555,204420400,43.8125,-0.7200015
768,1/25/2018,5.685654633,2.624040404,43.627499,43.737499,42.6325,42.7775,166116000,43.1849995,-0.6275005
769,1/26/2018,5.765818903,5.685654633,43,43,42.514999,42.877499,156572000,42.7574995,-0.4275
770,1/29/2018,5.336164021,5.765818903,42.540001,42.540001,41.767502,41.990002,202561600,42.1537515,-0.603748
771,1/30/2018,4.094649471,5.336164021,41.3825,41.842499,41.174999,41.7425,184192800,41.508749,-0.6450025
772,1/31/2018,3.90992304,4.094649471,41.717499,42.110001,41.625,41.857498,129915600,41.8675005,0.3587515
773,2/1/2018,4.564635281,3.90992304,41.7925,42.154999,41.689999,41.945,188923200,41.922499,0.0549985
774,2/2/2018,3.17469697,4.564635281,41.5,41.700001,40.025002,40.125,346375200,40.8625015,-1.0599975
775,2/5/2018,3.848715428,3.17469697,39.775002,40.970001,39,39.122501,290954000,39.9850005,-0.877501
776,2/6/2018,3.804585438,3.848715428,38.7075,40.93,38.5,40.7575,272975200,39.715,-0.2700005
777,2/7/2018,5.073642376,3.804585438,40.772499,40.849998,39.767502,39.884998,206434400,40.30875,0.59375
778,2/8/2018,6.145238696,5.073642376,40.072498,40.25,38.7575,38.787498,217562000,39.50375,-0.805
779,2/9/2018,6.585023449,6.145238696,39.267502,39.4725,37.560001,39.102501,282690400,38.5162505,-0.9874995
780,2/12/2018,4.944149972,6.585023449,39.625,40.9725,39.377499,40.677502,243278000,40.1749995,1.658749
781,2/13/2018,6.52829889,4.944149972,40.487499,41.1875,40.412498,41.084999,130196800,40.799999,0.6249995
782,2/14/2018,5.349810245,6.52829889,40.759998,41.884998,40.720001,41.842499,162579600,41.3024995,0.5025005
783,2/15/2018,5.749049423,5.349810245,42.447498,43.272499,42.25,43.247501,204588800,42.7612495,1.45875
784,2/16/2018,8.810833333,5.749049423,43.09,43.705002,42.942501,43.107498,160704400,43.3237515,0.562502
785,2/20/2018,7.546912939,8.810833333,43.012501,43.564999,42.855,42.962502,135722000,43.2099995,-0.113752
786,2/21/2018,6.431309524,7.546912939,43.2075,43.529999,42.752499,42.767502,149886400,43.141249,-0.0687505
787,2/22/2018,8.244628427,6.431309524,42.950001,43.487499,42.927502,43.125,123967600,43.2075005,0.0662515
788,2/23/2018,3.649430014,8.244628427,43.4175,43.912498,43.384998,43.875,135249600,43.648748,0.4412475
789,2/26/2018,8.411925204,3.649430014,44.087502,44.8475,44.052502,44.7425,152648800,44.450001,0.801253
790,2/27/2018,9.141296898,8.411925204,44.775002,45.119999,44.540001,44.5975,155712400,44.83,0.379999
791,2/28/2018,8.506580087,9.141296898,44.814999,45.154999,44.512501,44.529999,151128400,44.83375,0.00375
792,3/1/2018,6.756188071,8.506580087,44.634998,44.945,43.165001,43.75,195208000,44.0550005,-0.7787495
793,3/2/2018,6.764536075,6.756188071,43.200001,44.075001,43.112499,44.052502,153816000,43.59375,-0.4612505
794,3/5/2018,7.740962903,6.764536075,43.802502,44.435001,43.630001,44.205002,113605600,44.032501,0.438751
795,3/6/2018,7.039318182,7.740962903,44.477501,44.5625,44.032501,44.1675,95154000,44.2975005,0.2649995
796,3/7/2018,6.558679654,7.039318182,43.735001,43.962502,43.567501,43.7575,126814000,43.7650015,-0.532499
797,3/8/2018,7.225233526,6.558679654,43.869999,44.279999,43.767502,44.235001,95096400,44.0237505,0.258749
798,3/9/2018,4.741298572,7.225233526,44.490002,45,44.3475,44.994999,128740800,44.67375,0.6499995
799,3/12/2018,5.668176098,4.741298572,45.072498,45.5975,45.052502,45.43,128828400,45.325001,0.651251
800,3/13/2018,5.187678571,5.668176098,45.647499,45.875,44.810001,44.9925,126774000,45.3425005,0.0174995
801,3/14/2018,8.026996453,5.187678571,45.080002,45.130001,44.452499,44.610001,117473600,44.79125,-0.5512505
802,3/15/2018,4.302765152,8.026996453,44.625,45.060001,44.517502,44.662498,90975200,44.7887515,-0.0024985
803,3/16/2018,9.255635823,4.302765152,44.662498,44.779999,44.404999,44.505001,157618800,44.592499,-0.1962525
804,3/19/2018,5.909467532,9.255635823,44.330002,44.3675,43.415001,43.825001,133787200,43.8912505,-0.7012485
805,3/20/2018,5.826238147,5.909467532,43.810001,44.200001,43.735001,43.810001,78597600,43.967501,0.0762505
806,3/21/2018,5.25037518,5.826238147,43.759998,43.772499,42.814999,42.817501,148219600,43.293749,-0.673752
807,3/22/2018,6.657772968,5.25037518,42.5,43.169998,42.150002,42.212502,165963200,42.66,-0.633749
808,3/23/2018,3.560381594,6.657772968,42.0975,42.48,41.235001,41.235001,164115200,41.8575005,-0.8024995
809,3/26/2018,9.615179473,3.560381594,42.017502,43.275002,41.610001,43.192501,150164800,42.4425015,0.585001
810,3/27/2018,4.131726391,9.615179473,43.419998,43.787498,41.73,42.084999,163690400,42.758749,0.3162475
811,3/28/2018,3.502370731,4.131726391,41.8125,42.505001,41.297501,41.619999,166674000,41.901251,-0.857498
